alpha,t,N,method,variant,wall_median_ms,wall_p95_ms,build_median_ms,build_p95_ms,count_value,count_exact,enum_truncated_any,used_enumeration_any,rss_kb,rss_mb,exit_code,enum_truncated_any_rss,wall_median_s,wall_p95_s,build_median_s,build_p95_s
5,100000,50000,aabb,adaptive,412.38,415.4052,17.215628,19.143151800000002,500000.0,1,0,1,44948,43.89453125,0,0,0.41237999999999997,0.4154052,0.017215628,0.0191431518
5,100000,50000,aabb,enum_sampling,754.285,756.2174,0.00103,0.004069999999999999,500000.0,1,0,1,34848,34.03125,0,0,0.754285,0.7562174,1.03e-06,4.069999999999999e-06
5,100000,50000,aabb,sampling,566.818,570.085,17.961711,18.697069799999998,500000.0,1,0,0,32616,31.8515625,0,0,0.5668179999999999,0.5700850000000001,0.017961711,0.018697069799999997
5,100000,50000,interval_tree,adaptive,305.834,354.5212,61.866014,80.7611408,500000.0,1,0,1,266444,260.19921875,0,0,0.305834,0.35452120000000004,0.061866014,0.0807611408
5,100000,50000,interval_tree,enum_sampling,361.296,391.8802,0.00129,0.009377999999999997,500000.0,1,0,1,145196,141.79296875,0,0,0.361296,0.3918802,1.29e-06,9.377999999999997e-06
5,100000,50000,interval_tree,sampling,363.002,377.236,63.798111,78.24968779999999,500000.0,1,0,0,150588,147.05859375,0,0,0.363002,0.377236,0.063798111,0.0782496878
5,100000,50000,kd_tree,adaptive,226.951,233.4584,44.688495,47.6015684,500000.0,1,0,1,45684,44.61328125,0,0,0.22695099999999999,0.2334584,0.044688495,0.047601568399999995
5,100000,50000,kd_tree,enum_sampling,318.68,321.7894,0.00115,0.004731999999999999,500000.0,1,0,1,31448,30.7109375,0,0,0.31868,0.3217894,1.15e-06,4.731999999999999e-06
5,100000,50000,kd_tree,sampling,188.74,192.2194,45.441779,48.4904354,500000.0,1,0,0,34880,34.0625,0,0,0.18874000000000002,0.1922194,0.045441778999999995,0.048490435400000004
5,100000,50000,ours,adaptive,155.872,158.5934,47.826734,53.322529599999996,500000.0,1,0,1,102832,100.421875,0,0,0.155872,0.1585934,0.047826734,0.053322529599999995
5,100000,50000,ours,enum_sampling,201.093,202.7876,47.833284,52.9716112,500000.0,1,0,1,95396,93.16015625,0,0,0.201093,0.20278759999999998,0.047833284,0.0529716112
5,100000,50000,ours,sampling,214.309,217.93800000000002,47.929152,53.1208674,500000.0,1,0,0,98704,96.390625,0,0,0.214309,0.21793800000000002,0.047929152,0.0531208674
5,100000,50000,pbsm,adaptive,18.4419,20.00406,10.722339,11.024637,500000.0,1,0,1,13160,12.8515625,0,0,0.0184419,0.02000406,0.010722339,0.011024637
5,100000,50000,pbsm,enum_sampling,34.5631,34.760419999999996,10.790937,11.0358962,500000.0,1,0,1,10756,10.50390625,0,0,0.0345631,0.03476041999999999,0.010790936999999999,0.011035896199999999
5,100000,50000,pbsm,sampling,31.3512,31.4756,10.786808,10.9206016,500000.0,1,0,0,10748,10.49609375,0,0,0.031351199999999996,0.0314756,0.010786808,0.0109206016
5,100000,50000,r_tree,adaptive,208.722,209.9384,17.820366,18.6129362,500000.0,1,0,1,34996,34.17578125,0,0,0.20872200000000002,0.2099384,0.017820366,0.0186129362
5,100000,50000,r_tree,enum_sampling,356.238,359.7362,17.399535,18.7722542,500000.0,1,0,1,36324,35.47265625,0,0,0.356238,0.3597362,0.017399535,0.018772254199999998
5,100000,50000,r_tree,sampling,300.67,303.9028,17.821466,19.1698044,500000.0,1,0,0,25556,24.95703125,0,0,0.30067,0.30390280000000003,0.017821466,0.0191698044
5,100000,50000,range_tree,adaptive,530.781,539.9222,42.785829,50.9298958,500000.0,1,0,1,78916,77.06640625,0,0,0.530781,0.5399222,0.042785829,0.0509298958
5,100000,50000,range_tree,enum_sampling,798.295,815.6792,0.00101,0.00546,500000.0,1,0,1,46676,45.58203125,0,0,0.798295,0.8156792,1.01e-06,5.459999999999999e-06
5,100000,50000,range_tree,sampling,724.851,733.404,43.584281,50.413785,500000.0,1,0,0,43528,42.5078125,0,0,0.724851,0.733404,0.043584280999999996,0.050413784999999996
5,100000,50000,rejection,adaptive,552.499,553.3436,143.495166,151.4497932,500000.0,1,0,1,52116,50.89453125,0,0,0.5524990000000001,0.5533436,0.143495166,0.1514497932
5,100000,50000,rejection,enum_sampling,560.403,562.3032000000001,141.290592,148.59466079999999,500000.0,1,0,1,49936,48.765625,0,0,0.560403,0.5623032000000001,0.141290592,0.14859466079999997
5,100000,50000,rejection,sampling,941.297,956.7214,142.510214,150.3960392,503912.0,0,0,0,48964,47.81640625,0,0,0.941297,0.9567214,0.142510214,0.1503960392
5,100000,50000,sirs,adaptive,715.53,718.9478,54.05469,55.827916,500000.0,1,0,1,16644,16.25390625,0,0,0.71553,0.7189478,0.05405469,0.055827916000000005
5,100000,50000,sirs,enum_sampling,720.264,721.3182,54.013359,55.2797318,500000.0,1,0,1,14224,13.890625,0,0,0.720264,0.7213182,0.054013359000000004,0.0552797318
5,100000,50000,sirs,sampling,597.933,602.1426,54.510339,56.244640999999994,500000.0,1,0,0,15212,14.85546875,0,0,0.597933,0.6021426,0.054510339000000005,0.05624464099999999
5,100000,50000,tlsop,adaptive,323.625,325.8852,164.506884,166.4085518,500000.0,1,0,1,28288,27.625,0,0,0.323625,0.3258852,0.16450688400000002,0.1664085518
5,100000,50000,tlsop,enum_sampling,488.974,491.3418,164.879864,167.3196906,500000.0,1,0,1,25976,25.3671875,0,0,0.48897399999999996,0.4913418,0.164879864,0.16731969060000002
5,100000,50000,tlsop,sampling,485.675,488.3542,164.507841,167.1772826,500000.0,1,0,0,25960,25.3515625,0,0,0.485675,0.4883542,0.16450784100000002,0.1671772826
5,100000,50000,tsunami,adaptive,1644.61,1646.846,39.644963,41.9553664,500000.0,1,0,1,23828,23.26953125,0,0,1.64461,1.646846,0.039644963,0.0419553664
5,100000,50000,tsunami,enum_sampling,1662.79,1665.0720000000001,39.591973,41.6852324,500000.0,1,0,1,21456,20.953125,0,0,1.66279,1.665072,0.039591973,0.041685232399999994
5,100000,50000,tsunami,sampling,1539.29,1543.0700000000002,39.632042,42.3633492,500000.0,1,0,0,22548,22.01953125,0,0,1.53929,1.5430700000000002,0.039632042,0.042363349200000004
5,100000,100000,aabb,adaptive,1054.32,1066.156,37.847497,39.2790278,1000000.0,1,0,1,85568,83.5625,0,0,1.05432,1.0661559999999999,0.037847496999999994,0.039279027800000005
5,100000,100000,aabb,enum_sampling,1976.94,1980.724,0.00095,0.004345799999999999,1000000.0,1,0,1,65200,63.671875,0,0,1.9769400000000001,1.980724,9.5e-07,4.345799999999998e-06
5,100000,100000,aabb,sampling,1255.84,1260.658,38.229326,39.4572556,1000000.0,1,0,0,60940,59.51171875,0,0,1.2558399999999998,1.2606579999999998,0.038229326,0.039457255600000005
5,100000,100000,interval_tree,adaptive,728.562,799.975,132.885133,168.3581702,1000000.0,1,0,1,535808,523.25,0,0,0.728562,0.799975,0.132885133,0.1683581702
5,100000,100000,interval_tree,enum_sampling,824.385,867.6242,0.00143,0.0034059999999999997,1000000.0,1,0,1,292652,285.79296875,0,0,0.824385,0.8676242,1.43e-06,3.4059999999999997e-06
5,100000,100000,interval_tree,sampling,854.056,867.6120000000001,138.256385,169.60753499999998,1000000.0,1,0,0,304276,297.14453125,0,0,0.854056,0.867612,0.13825638499999998,0.16960753499999998
5,100000,100000,kd_tree,adaptive,516.796,526.8299999999999,96.922049,101.84848099999999,1000000.0,1,0,1,91260,89.12109375,0,0,0.516796,0.5268299999999999,0.096922049,0.10184848099999999
5,100000,100000,kd_tree,enum_sampling,708.237,721.059,0.00085,0.004495999999999999,1000000.0,1,0,1,58660,57.28515625,0,0,0.708237,0.721059,8.499999999999999e-07,4.495999999999999e-06
5,100000,100000,kd_tree,sampling,394.661,399.3804,97.313118,101.2692064,1000000.0,1,0,0,53944,52.6796875,0,0,0.394661,0.3993804,0.097313118,0.1012692064
5,100000,100000,ours,adaptive,383.735,389.6966,104.137071,113.9899456,1000000.0,1,0,1,196172,191.57421875,0,0,0.383735,0.3896966,0.10413707100000001,0.1139899456
5,100000,100000,ours,enum_sampling,494.237,499.5442,104.016592,113.3420218,1000000.0,1,0,1,185336,180.9921875,0,0,0.49423700000000004,0.4995442,0.104016592,0.1133420218
5,100000,100000,ours,sampling,523.571,526.3216,104.457342,114.3317628,1000000.0,1,0,0,198320,193.671875,0,0,0.523571,0.5263216,0.104457342,0.1143317628
5,100000,100000,pbsm,adaptive,39.2826,42.1551,23.121704,23.6173328,1000000.0,1,0,1,21096,20.6015625,0,0,0.0392826,0.042155099999999994,0.023121704,0.023617332799999998
5,100000,100000,pbsm,enum_sampling,62.1799,62.516360000000006,23.185222,23.4915016,1000000.0,1,0,1,15092,14.73828125,0,0,0.0621799,0.06251636,0.023185222,0.0234915016
5,100000,100000,pbsm,sampling,58.7842,59.08202,23.132432,23.3815472,1000000.0,1,0,0,15140,14.78515625,0,0,0.0587842,0.05908202,0.023132432,0.023381547199999998
5,100000,100000,r_tree,adaptive,456.123,461.493,37.416059,40.0896962,1000000.0,1,0,1,66012,64.46484375,0,0,0.456123,0.461493,0.037416058999999995,0.0400896962
5,100000,100000,r_tree,enum_sampling,779.012,792.856,37.258232,38.8567064,1000000.0,1,0,1,68312,66.7109375,0,0,0.7790119999999999,0.792856,0.037258232,0.0388567064
5,100000,100000,r_tree,sampling,643.151,651.3,37.649533,39.780578,1000000.0,1,0,0,49768,48.6015625,0,0,0.6431509999999999,0.6513,0.037649533,0.039780578
5,100000,100000,range_tree,adaptive,1371.16,1397.004,91.287506,106.2569582,1000000.0,1,0,1,156532,152.86328125,0,0,1.3711600000000002,1.397004,0.09128750599999999,0.1062569582
5,100000,100000,range_tree,enum_sampling,2086.3,2098.7819999999997,0.00084,0.004853999999999999,1000000.0,1,0,1,89584,87.484375,0,0,2.0863,2.0987819999999995,8.4e-07,4.853999999999999e-06
5,100000,100000,range_tree,sampling,1954.69,1969.05,93.168152,106.25937819999999,1000000.0,1,0,0,85932,83.91796875,0,0,1.95469,1.96905,0.093168152,0.10625937819999999
5,100000,100000,rejection,adaptive,1644.41,1670.386,282.102053,298.79877700000003,1000000.0,1,0,1,98536,96.2265625,0,0,1.6444100000000001,1.670386,0.282102053,0.298798777
5,100000,100000,rejection,enum_sampling,1675.93,1679.408,284.712282,299.1383084,1000000.0,1,0,1,92012,89.85546875,0,0,1.6759300000000001,1.679408,0.28471228200000004,0.29913830840000005
5,100000,100000,rejection,sampling,2479.3,2492.2920000000004,285.504396,299.1156314,1025980.0,0,0,0,91992,89.8359375,0,0,2.4793000000000003,2.4922920000000004,0.285504396,0.29911563139999997
5,100000,100000,sirs,adaptive,3579.0,3583.458,119.943635,122.7697992,1000000.0,1,0,1,28224,27.5625,0,0,3.579,3.5834580000000003,0.119943635,0.12276979919999999
5,100000,100000,sirs,enum_sampling,3570.38,3575.496,119.902429,122.898696,1000000.0,1,0,1,21816,21.3046875,0,0,3.57038,3.5754960000000002,0.119902429,0.122898696
5,100000,100000,sirs,sampling,2910.69,2913.832,119.809969,122.8733288,1000000.0,1,0,0,24428,23.85546875,0,0,2.91069,2.9138319999999998,0.11980996899999999,0.1228733288
5,100000,100000,tlsop,adaptive,933.596,937.2678000000001,394.636912,398.8909758,1000000.0,1,0,1,49764,48.59765625,0,0,0.933596,0.9372678000000001,0.394636912,0.3988909758
5,100000,100000,tlsop,enum_sampling,1474.99,1478.978,393.590157,398.5756442,1000000.0,1,0,1,43508,42.48828125,0,0,1.47499,1.4789780000000001,0.393590157,0.3985756442
5,100000,100000,tlsop,sampling,1470.63,1474.254,394.646004,399.13124880000004,1000000.0,1,0,0,43648,42.625,0,0,1.47063,1.474254,0.394646004,0.39913124880000006
5,100000,100000,tsunami,adaptive,5849.88,5854.17,87.071865,91.3205098,1000000.0,1,0,1,42668,41.66796875,0,0,5.84988,5.85417,0.087071865,0.09132050979999999
5,100000,100000,tsunami,enum_sampling,5867.49,5874.4839999999995,87.10858,91.1063478,1000000.0,1,0,1,37108,36.23828125,0,0,5.86749,5.874484,0.08710858,0.0911063478
5,100000,100000,tsunami,sampling,5391.99,5396.424,86.906546,91.5920892,1000000.0,1,0,0,38000,37.109375,0,0,5.39199,5.396424,0.086906546,0.0915920892
5,100000,200000,aabb,adaptive,3604.51,3625.822,78.6486,81.6909356,2000000.0,1,1,0,181136,176.890625,0,1,3.6045100000000003,3.6258220000000003,0.0786486,0.0816909356
5,100000,200000,aabb,enum_sampling,3551.49,3576.042,0.00066,0.004517799999999999,2000000.0,1,0,1,126100,123.14453125,0,0,3.55149,3.5760419999999997,6.6e-07,4.5177999999999985e-06
5,100000,200000,aabb,sampling,2186.53,2203.3799999999997,78.700053,81.6195402,2000000.0,1,0,0,115704,112.9921875,0,0,2.1865300000000003,2.2033799999999997,0.07870005299999999,0.08161954020000001
5,100000,200000,interval_tree,adaptive,2993.82,3013.5,301.394887,354.0305768,2000000.0,1,1,0,1202496,1174.3125,0,1,2.9938200000000004,3.0135,0.301394887,0.3540305768
5,100000,200000,interval_tree,enum_sampling,1974.11,1989.676,0.00151,0.0042179999999999995,2000000.0,1,0,1,595804,581.83984375,0,0,1.9741099999999998,1.989676,1.5100000000000002e-06,4.217999999999999e-06
5,100000,200000,interval_tree,sampling,1974.51,1981.7259999999999,302.827944,357.54392379999996,2000000.0,1,0,0,621156,606.59765625,0,0,1.97451,1.9817259999999999,0.302827944,0.35754392379999994
5,100000,200000,kd_tree,adaptive,1758.72,1782.6399999999999,200.820667,209.5109474,2000000.0,1,1,0,161800,158.0078125,0,1,1.75872,1.7826399999999998,0.20082066699999998,0.20951094739999998
5,100000,200000,kd_tree,enum_sampling,1674.33,1723.9959999999999,0.00084,0.0044659999999999995,2000000.0,1,0,1,112324,109.69140625,0,0,1.6743299999999999,1.7239959999999999,8.4e-07,4.465999999999999e-06
5,100000,200000,kd_tree,sampling,964.604,973.6002000000001,201.700864,208.8226556,2000000.0,1,0,0,102168,99.7734375,0,0,0.964604,0.9736002000000001,0.201700864,0.2088226556
5,100000,200000,ours,adaptive,1479.05,1489.2179999999998,236.144944,247.9879892,2000000.0,1,1,0,408768,399.1875,0,1,1.47905,1.489218,0.23614494400000002,0.24798798919999998
5,100000,200000,ours,enum_sampling,1194.02,1199.182,232.781861,244.56825840000002,2000000.0,1,0,1,372900,364.16015625,0,0,1.19402,1.199182,0.23278186099999998,0.24456825840000002
5,100000,200000,ours,sampling,1288.52,1299.95,232.483813,247.1562496,2000000.0,1,0,0,393708,384.48046875,0,0,1.2885199999999999,1.29995,0.232483813,0.2471562496
5,100000,200000,pbsm,adaptive,135.876,142.68019999999999,48.591638,49.3700428,2000000.0,1,1,0,37136,36.265625,0,1,0.135876,0.14268019999999998,0.048591638000000006,0.0493700428
5,100000,200000,pbsm,enum_sampling,123.555,125.3374,49.367934,49.733691,2000000.0,1,0,1,22648,22.1171875,0,0,0.12355500000000001,0.12533740000000002,0.049367933999999995,0.049733691000000003
5,100000,200000,pbsm,sampling,118.267,118.8288,49.044569,49.6128584,2000000.0,1,0,0,22512,21.984375,0,0,0.118267,0.1188288,0.049044569,0.0496128584
5,100000,200000,r_tree,adaptive,2144.93,2177.674,75.488694,81.9845612,2000000.0,1,1,0,148064,144.59375,0,1,2.14493,2.177674,0.075488694,0.0819845612
5,100000,200000,r_tree,enum_sampling,1744.86,1762.568,77.686148,80.278785,2000000.0,1,0,1,132220,129.12109375,0,0,1.7448599999999999,1.762568,0.077686148,0.080278785
5,100000,200000,r_tree,sampling,1452.56,1463.0339999999999,78.425033,82.251714,2000000.0,1,0,0,94344,92.1328125,0,0,1.4525599999999999,1.463034,0.078425033,0.082251714
5,100000,200000,range_tree,adaptive,7181.97,7215.296,191.961545,231.155838,2000000.0,1,1,0,307800,300.5859375,0,1,7.181970000000001,7.215296,0.191961545,0.231155838
5,100000,200000,range_tree,enum_sampling,5560.67,5579.032,0.001029,0.0045861999999999995,2000000.0,1,0,1,191776,187.28125,0,0,5.56067,5.579032,1.029e-06,4.586199999999999e-06
5,100000,200000,range_tree,sampling,5274.83,5321.32,191.622455,231.536577,2000000.0,1,0,0,177648,173.484375,0,0,5.27483,5.32132,0.191622455,0.231536577
5,100000,200000,rejection,adaptive,6349.48,6365.35,560.520075,599.9706126,2120030.0,0,1,0,198020,193.37890625,0,1,6.34948,6.36535,0.560520075,0.5999706126
5,100000,200000,rejection,enum_sampling,5611.62,5635.444,554.162743,590.1565776,2000000.0,1,0,1,178192,174.015625,0,0,5.61162,5.635444000000001,0.554162743,0.5901565776
5,100000,200000,rejection,sampling,6319.64,6343.592,558.6687,591.94411,2120030.0,0,0,0,178332,174.15234375,0,0,6.319640000000001,6.343591999999999,0.5586686999999999,0.59194411
5,100000,200000,sirs,adaptive,5522.18,5536.82,262.65978,267.88194680000004,2000000.0,1,1,0,64172,62.66796875,0,1,5.5221800000000005,5.53682,0.26265978,0.26788194680000005
5,100000,200000,sirs,enum_sampling,6601.89,6606.434,262.008275,267.7535536,2000000.0,1,0,1,37912,37.0234375,0,0,6.60189,6.606434,0.262008275,0.26775355359999997
5,100000,200000,sirs,sampling,5449.42,5456.276,262.68789,268.121058,2000000.0,1,0,0,43960,42.9296875,0,0,5.44942,5.456276,0.26268789,0.268121058
5,100000,200000,tlsop,adaptive,6257.36,6271.762,994.667206,1002.459668,2000000.0,1,1,0,92208,90.046875,0,1,6.257359999999999,6.271762,0.9946672059999999,1.002459668
5,100000,200000,tlsop,enum_sampling,5228.33,5235.63,993.836443,1002.2370326,2000000.0,1,0,1,78884,77.03515625,0,0,5.22833,5.2356300000000005,0.9938364430000001,1.0022370326
5,100000,200000,tlsop,sampling,5225.71,5273.09,992.603257,1000.5332377999999,2000000.0,1,0,0,78908,77.05859375,0,0,5.22571,5.27309,0.992603257,1.0005332378
5,100000,200000,tsunami,adaptive,18041.7,18057.84,190.018265,198.27486720000002,2000000.0,1,1,0,88536,86.4609375,0,1,18.041700000000002,18.05784,0.19001826500000002,0.1982748672
5,100000,200000,tsunami,enum_sampling,19870.7,19939.44,190.348014,198.6216956,2000000.0,1,0,1,69024,67.40625,0,0,19.8707,19.939439999999998,0.190348014,0.1986216956
5,100000,200000,tsunami,sampling,18212.5,18233.280000000002,189.56652,198.4035716,2000000.0,1,0,0,70620,68.96484375,0,0,18.2125,18.233280000000004,0.18956652,0.1984035716
5,100000,400000,aabb,adaptive,13927.1,14003.08,167.779085,171.8348878,4000000.0,1,1,0,310944,303.65625,0,1,13.927100000000001,14.00308,0.16777908500000002,0.1718348878
5,100000,400000,aabb,enum_sampling,19246.2,19365.08,0.00076,0.003728799999999999,4000000.0,1,0,1,214316,209.29296875,0,0,19.2462,19.365080000000003,7.6e-07,3.728799999999999e-06
5,100000,400000,aabb,sampling,9516.62,9532.812,169.905765,172.0145454,4000000.0,1,0,0,229464,224.0859375,0,0,9.516620000000001,9.532812,0.16990576500000001,0.1720145454
5,100000,400000,interval_tree,adaptive,6309.62,6359.248,664.075954,746.9491522,4000000.0,1,1,0,2406332,2349.93359375,0,1,6.30962,6.359248,0.6640759540000001,0.7469491521999999
5,100000,400000,interval_tree,enum_sampling,4545.92,4568.932,0.00166,0.005174,4000000.0,1,0,1,1219564,1190.98046875,0,0,4.54592,4.568932,1.66e-06,5.174e-06
5,100000,400000,interval_tree,sampling,4525.31,4546.73,667.428031,751.6650942,4000000.0,1,0,0,1266356,1236.67578125,0,0,4.52531,4.546729999999999,0.667428031,0.7516650942
5,100000,400000,kd_tree,adaptive,4156.93,4169.572,433.432888,448.3264582,4000000.0,1,1,0,304500,297.36328125,0,1,4.15693,4.1695720000000005,0.433432888,0.4483264582
5,100000,400000,kd_tree,enum_sampling,4249.73,4265.36,0.00084,0.003658,4000000.0,1,0,1,186388,182.01953125,0,0,4.24973,4.265359999999999,8.4e-07,3.658e-06
5,100000,400000,kd_tree,sampling,2471.28,2494.184,432.60609,447.28156079999997,4000000.0,1,0,0,198212,193.56640625,0,0,2.47128,2.494184,0.43260609,0.4472815608
5,100000,400000,ours,adaptive,3366.02,3376.728,531.80153,534.5828379999999,4000000.0,1,1,0,819416,800.2109375,0,1,3.36602,3.376728,0.53180153,0.534582838
5,100000,400000,ours,enum_sampling,2800.57,2805.8920000000003,530.504711,537.112313,4000000.0,1,0,1,779684,761.41015625,0,0,2.80057,2.8058920000000005,0.5305047110000001,0.537112313
5,100000,400000,ours,sampling,3071.65,3083.4939999999997,531.972398,543.2594582,4000000.0,1,0,0,803716,784.87890625,0,0,3.07165,3.0834939999999995,0.531972398,0.5432594582
5,100000,400000,pbsm,adaptive,289.848,301.0034,105.180127,107.2176162,4000000.0,1,1,0,54076,52.80859375,0,1,0.289848,0.3010034,0.105180127,0.10721761619999999
5,100000,400000,pbsm,enum_sampling,274.984,275.855,106.374693,107.3613798,4000000.0,1,0,1,39500,38.57421875,0,0,0.274984,0.275855,0.10637469299999999,0.10736137979999999
5,100000,400000,pbsm,sampling,268.697,269.454,106.177397,106.92120100000001,4000000.0,1,0,0,39488,38.5625,0,0,0.268697,0.269454,0.10617739699999999,0.10692120100000001
5,100000,400000,r_tree,adaptive,4505.69,4550.294,168.409751,173.2971328,4000000.0,1,1,0,257576,251.5390625,0,1,4.5056899999999995,4.550294,0.168409751,0.1732971328
5,100000,400000,r_tree,enum_sampling,3982.42,3997.1839999999997,167.863961,170.0087706,4000000.0,1,0,1,223564,218.32421875,0,0,3.9824200000000003,3.997184,0.16786396099999998,0.1700087706
5,100000,400000,r_tree,sampling,3311.47,3327.338,168.970478,173.75267,4000000.0,1,0,0,184080,179.765625,0,0,3.31147,3.327338,0.168970478,0.17375267
5,100000,400000,range_tree,adaptive,18304.2,18375.98,416.325754,485.4987124,4000000.0,1,1,0,585240,571.5234375,0,1,18.3042,18.37598,0.416325754,0.4854987124
5,100000,400000,range_tree,enum_sampling,15087.4,15099.28,0.00111,0.003692,4000000.0,1,0,1,324672,317.0625,0,0,15.087399999999999,15.09928,1.1100000000000002e-06,3.692e-06
5,100000,400000,range_tree,sampling,14518.2,14578.58,418.263613,487.0131098,4000000.0,1,0,0,341240,333.2421875,0,0,14.5182,14.57858,0.41826361300000003,0.4870131098
5,100000,400000,rejection,adaptive,14931.8,14999.48,1116.612853,1173.0258986000001,4207280.0,0,1,0,375608,366.8046875,0,1,14.931799999999999,14.99948,1.1166128530000001,1.1730258986000002
5,100000,400000,rejection,enum_sampling,21643.8,21824.760000000002,1120.280019,1191.6813674,4000000.0,1,0,1,351408,343.171875,0,0,21.6438,21.82476,1.120280019,1.1916813674
5,100000,400000,rejection,sampling,15140.2,15173.16,1126.256279,1192.920239,4207280.0,0,0,0,351100,342.87109375,0,0,15.1402,15.17316,1.126256279,1.192920239
5,100000,400000,sirs,adaptive,25995.8,25999.86,577.713753,591.0552434,4000000.0,1,1,0,98676,96.36328125,0,1,25.9958,25.99986,0.577713753,0.5910552434
5,100000,400000,sirs,enum_sampling,32492.8,32510.62,580.349558,591.6736249999999,4000000.0,1,0,1,68556,66.94921875,0,0,32.4928,32.510619999999996,0.580349558,0.5916736249999999
5,100000,400000,sirs,sampling,25990.2,26001.84,577.384353,588.7646872,4000000.0,1,0,0,81532,79.62109375,0,0,25.9902,26.00184,0.577384353,0.5887646872000001
5,100000,400000,tlsop,adaptive,21345.4,21385.260000000002,2281.694299,2299.0768954,4000000.0,1,1,0,162904,159.0859375,0,1,21.3454,21.385260000000002,2.2816942989999998,2.2990768954
5,100000,400000,tlsop,enum_sampling,18689.5,18695.5,2280.542087,2298.5378986,4000000.0,1,0,1,149476,145.97265625,0,0,18.6895,18.6955,2.2805420869999997,2.2985378986000002
5,100000,400000,tlsop,sampling,18732.7,18753.96,2283.969828,2302.3347866000004,4000000.0,1,0,0,149308,145.80859375,0,0,18.7327,18.75396,2.2839698279999996,2.3023347866000003
5,100000,400000,tsunami,adaptive,61638.2,61657.2,417.307958,436.1174562,4000000.0,1,1,0,149260,145.76171875,0,1,61.6382,61.657199999999996,0.417307958,0.4361174562
5,100000,400000,tsunami,enum_sampling,67258.8,67294.34,418.589213,436.0023184,4000000.0,1,0,1,131188,128.11328125,0,0,67.25880000000001,67.29433999999999,0.41858921299999996,0.4360023184
5,100000,400000,tsunami,sampling,61178.1,61244.96,419.377956,436.95417960000003,4000000.0,1,0,0,134184,131.0390625,0,0,61.1781,61.24496,0.419377956,0.43695417960000005
5,100000,800000,aabb,adaptive,33754.9,33795.28,343.779095,349.06578379999996,8000000.0,1,1,0,572016,558.609375,0,1,33.7549,33.79528,0.343779095,0.3490657838
5,100000,800000,aabb,enum_sampling,58271.1,59155.840000000004,0.0009,0.004397999999999999,8000000.0,1,0,1,423884,413.94921875,0,0,58.2711,59.155840000000005,9e-07,4.397999999999999e-06
5,100000,800000,aabb,sampling,27962.6,28092.62,343.070281,350.1826526,8000000.0,1,0,0,446500,436.03515625,0,0,27.9626,28.09262,0.34307028100000003,0.3501826526
5,100000,800000,interval_tree,adaptive,13055.6,13136.24,1434.682197,1581.8021555999999,8000000.0,1,1,0,4806748,4694.08984375,0,1,13.0556,13.136239999999999,1.434682197,1.5818021556
5,100000,800000,interval_tree,enum_sampling,10062.1,10134.24,0.00129,0.003711999999999999,8000000.0,1,0,1,2492436,2434.01953125,0,0,10.062100000000001,10.13424,1.29e-06,3.7119999999999994e-06
5,100000,800000,interval_tree,sampling,9950.79,9983.616,1442.772533,1590.009073,8000000.0,1,0,0,2591804,2531.05859375,0,0,9.950790000000001,9.983616,1.442772533,1.590009073
5,100000,800000,kd_tree,adaptive,9067.81,9099.16,902.098544,924.9567554,8000000.0,1,1,0,606980,592.75390625,0,1,9.06781,9.09916,0.902098544,0.9249567554
5,100000,800000,kd_tree,enum_sampling,10014.6,10030.48,0.000989,0.004678,8000000.0,1,0,1,369200,360.546875,0,0,10.0146,10.030479999999999,9.89e-07,4.678e-06
5,100000,800000,kd_tree,sampling,6072.88,6083.206,898.652081,920.6356585999999,8000000.0,1,0,0,389524,380.39453125,0,0,6.0728800000000005,6.083206000000001,0.8986520809999999,0.9206356586
5,100000,800000,ours,adaptive,7154.91,7170.982,1162.636758,1175.9688242,8000000.0,1,1,0,1659612,1620.71484375,0,1,7.15491,7.170982,1.162636758,1.1759688242
5,100000,800000,ours,enum_sampling,6262.83,6269.06,1159.188583,1171.7612672,8000000.0,1,0,1,1580140,1543.10546875,0,0,6.26283,6.2690600000000005,1.1591885830000002,1.1717612672
5,100000,800000,ours,sampling,6708.69,6724.122,1158.689561,1169.0408858,8000000.0,1,0,0,1641884,1603.40234375,0,0,6.70869,6.724122,1.1586895609999999,1.1690408858
5,100000,800000,pbsm,adaptive,819.168,825.0532000000001,236.521474,239.0887148,8000000.0,1,1,0,87268,85.22265625,0,1,0.819168,0.8250532,0.236521474,0.2390887148
5,100000,800000,pbsm,enum_sampling,779.709,782.8786,236.445677,238.7203734,8000000.0,1,0,1,72968,71.2578125,0,0,0.779709,0.7828786,0.236445677,0.2387203734
5,100000,800000,pbsm,sampling,769.412,775.1028,237.663927,241.22620120000002,8000000.0,1,0,0,71228,69.55859375,0,0,0.769412,0.7751028,0.237663927,0.24122620120000002
5,100000,800000,r_tree,adaptive,9328.37,9372.173999999999,344.707599,352.4765132,8000000.0,1,1,0,500844,489.10546875,0,1,9.328370000000001,9.372174,0.34470759900000003,0.3524765132
5,100000,800000,r_tree,enum_sampling,8947.1,9009.948,342.143757,346.2794928,8000000.0,1,0,1,440632,430.3046875,0,0,8.9471,9.009948,0.342143757,0.34627949280000003
5,100000,800000,r_tree,sampling,7562.04,7599.912,344.632034,352.794735,8000000.0,1,0,0,361460,352.98828125,0,0,7.56204,7.599912000000001,0.344632034,0.352794735
5,100000,800000,range_tree,adaptive,45619.1,45887.78,880.503993,1069.0993628,8000000.0,1,1,0,1178144,1150.53125,0,1,45.619099999999996,45.88778,0.880503993,1.0690993628
5,100000,800000,range_tree,enum_sampling,39103.7,39343.86,0.00075,0.0044859999999999995,8000000.0,1,0,1,648824,633.6171875,0,0,39.103699999999996,39.34386,7.5e-07,4.486e-06
5,100000,800000,range_tree,sampling,38683.1,38858.920000000006,883.242537,1068.301899,8000000.0,1,0,0,650036,634.80078125,0,0,38.683099999999996,38.858920000000005,0.883242537,1.068301899
5,100000,800000,rejection,adaptive,32925.4,33159.9,2245.588757,2381.7040322,8007010.0,0,1,0,710652,693.99609375,0,1,32.9254,33.1599,2.245588757,2.3817040321999996
5,100000,800000,rejection,enum_sampling,108671.0,109755.6,2244.227102,2370.1201728,8000000.0,1,0,1,697372,681.02734375,0,0,108.671,109.7556,2.244227102,2.3701201728
5,100000,800000,rejection,sampling,33243.4,33266.58,2234.066076,2370.8212998,8007010.0,0,0,0,697112,680.7734375,0,0,33.2434,33.266580000000005,2.234066076,2.3708212998
5,100000,800000,sirs,adaptive,50711.0,50722.94,1311.29373,1335.0044076,8000000.0,1,1,0,180192,175.96875,0,1,50.711,50.72294,1.31129373,1.3350044075999998
5,100000,800000,sirs,enum_sampling,63347.7,63731.58,1310.524355,1335.5136115999999,8000000.0,1,0,1,129832,126.7890625,0,0,63.347699999999996,63.73158,1.310524355,1.3355136116
5,100000,800000,sirs,sampling,52288.7,52307.34,1307.457065,1332.159991,8000000.0,1,0,0,159804,156.05859375,0,0,52.2887,52.307339999999996,1.3074570650000001,1.332159991
5,100000,800000,tlsop,adaptive,78377.2,79249.28,5134.345782,5168.5592176,8000000.0,1,1,0,304292,297.16015625,0,1,78.3772,79.24928,5.1343457820000005,5.1685592176
5,100000,800000,tlsop,enum_sampling,72398.3,72656.81999999999,5118.255782,5164.3368996,8000000.0,1,0,1,290916,284.09765625,0,0,72.3983,72.65682,5.118255782,5.1643368996
5,100000,800000,tlsop,sampling,72418.5,72653.5,5124.810414,5156.5945548,8000000.0,1,0,0,290652,283.83984375,0,0,72.4185,72.6535,5.124810414,5.1565945548
5,100000,800000,tsunami,adaptive,324880.0,327121.0,931.254239,963.5869650000001,8000000.0,1,1,0,264264,258.0703125,0,1,324.88,327.121,0.931254239,0.9635869650000001
5,100000,800000,tsunami,enum_sampling,365042.0,366395.0,928.65637,962.2925036,8000000.0,1,0,1,255480,249.4921875,0,0,365.042,366.395,0.92865637,0.9622925036000001
5,100000,800000,tsunami,sampling,323151.0,325546.0,932.571572,967.4326126,8000000.0,1,0,0,261792,255.65625,0,0,323.151,325.546,0.932571572,0.9674326126
100,100000,50000,aabb,adaptive,1798.58,1808.57,17.308485,19.165111,10000000.0,1,1,0,64324,62.81640625,0,1,1.7985799999999998,1.80857,0.017308485000000002,0.019165111
100,100000,50000,aabb,enum_sampling,2137.22,2147.064,0.00092,0.005007199999999999,10000000.0,1,0,1,34804,33.98828125,0,0,2.1372199999999997,2.147064,9.2e-07,5.007199999999999e-06
100,100000,50000,aabb,sampling,1569.46,1575.568,18.015293,18.6944592,10000000.0,1,0,0,33492,32.70703125,0,0,1.56946,1.575568,0.018015292999999998,0.0186944592
100,100000,50000,interval_tree,adaptive,509.074,547.9454,63.05298,78.9609146,10000000.0,1,1,0,300100,293.06640625,0,1,0.509074,0.5479453999999999,0.06305298,0.0789609146
100,100000,50000,interval_tree,enum_sampling,445.884,474.9366,0.00134,0.0045899999999999995,10000000.0,1,0,1,145328,141.921875,0,0,0.445884,0.4749366,1.34e-06,4.589999999999999e-06
100,100000,50000,interval_tree,sampling,373.741,383.2854,63.49134,79.29264500000001,10000000.0,1,0,0,150832,147.296875,0,0,0.373741,0.3832854,0.06349134000000001,0.07929264500000001
100,100000,50000,kd_tree,adaptive,447.062,455.0134,45.729067,48.8438476,10000000.0,1,1,0,57532,56.18359375,0,1,0.447062,0.4550134,0.045729067,0.0488438476
100,100000,50000,kd_tree,enum_sampling,603.109,606.1538,0.00105,0.004987199999999999,10000000.0,1,0,1,31448,30.7109375,0,0,0.603109,0.6061538000000001,1.05e-06,4.987199999999999e-06
100,100000,50000,kd_tree,sampling,259.669,262.4626,45.834851,48.153587800000004,10000000.0,1,0,0,30176,29.46875,0,0,0.259669,0.2624626,0.045834851,0.0481535878
100,100000,50000,ours,adaptive,246.792,252.2774,47.750256,54.7644742,10000000.0,1,1,0,112344,109.7109375,0,1,0.246792,0.2522774,0.047750256,0.0547644742
100,100000,50000,ours,enum_sampling,306.551,308.0684,48.181952,54.7395318,10000000.0,1,0,1,97568,95.28125,0,0,0.30655099999999996,0.3080684,0.048181952,0.054739531800000005
100,100000,50000,ours,sampling,214.175,216.4006,48.303385,54.8290552,10000000.0,1,0,0,99684,97.34765625,0,0,0.214175,0.2164006,0.048303385,0.0548290552
100,100000,50000,pbsm,adaptive,258.169,263.029,10.77682,10.9676386,10000000.0,1,1,0,24152,23.5859375,0,1,0.258169,0.263029,0.010776820000000001,0.010967638600000001
100,100000,50000,pbsm,enum_sampling,248.288,248.7508,10.844084,11.0481596,10000000.0,1,0,1,10660,10.41015625,0,0,0.248288,0.2487508,0.010844084,0.0110481596
100,100000,50000,pbsm,sampling,239.061,239.3434,10.835805,10.9536026,10000000.0,1,0,0,10796,10.54296875,0,0,0.239061,0.2393434,0.010835805,0.010953602599999999
100,100000,50000,r_tree,adaptive,470.528,477.69,17.906068,18.9027688,10000000.0,1,1,0,62580,61.11328125,0,1,0.470528,0.47769,0.017906068,0.0189027688
100,100000,50000,r_tree,enum_sampling,507.166,511.8398,17.3587,18.8761404,10000000.0,1,0,1,36356,35.50390625,0,0,0.507166,0.5118398000000001,0.017358699999999998,0.0188761404
100,100000,50000,r_tree,sampling,364.698,366.5312,18.132339,19.0455792,10000000.0,1,0,0,30052,29.34765625,0,0,0.36469799999999997,0.3665312,0.018132339,0.0190455792
100,100000,50000,range_tree,adaptive,1052.4,1064.1019999999999,42.668647,51.1526582,10000000.0,1,1,0,94556,92.33984375,0,1,1.0524,1.0641019999999999,0.042668647,0.0511526582
100,100000,50000,range_tree,enum_sampling,1420.83,1438.442,0.00073,0.005066199999999999,10000000.0,1,0,1,47332,46.22265625,0,0,1.42083,1.438442,7.3e-07,5.066199999999999e-06
100,100000,50000,range_tree,sampling,769.791,778.0486,43.462906,50.8185502,10000000.0,1,0,0,44120,43.0859375,0,0,0.769791,0.7780486,0.043462905999999996,0.0508185502
100,100000,50000,rejection,adaptive,248.021,253.7816,150.886691,159.7995158,10017300.0,0,1,0,83160,81.2109375,0,1,0.248021,0.2537816,0.15088669100000002,0.15979951579999999
100,100000,50000,rejection,enum_sampling,769.828,773.8662,147.612866,159.6144334,10000000.0,1,0,1,58060,56.69921875,0,0,0.769828,0.7738662000000001,0.147612866,0.1596144334
100,100000,50000,rejection,sampling,221.464,227.2378,155.212928,165.5166494,10017300.0,0,0,0,56840,55.5078125,0,0,0.221464,0.2272378,0.155212928,0.1655166494
100,100000,50000,sirs,adaptive,656.105,663.2028,54.035116,55.5682108,10000000.0,1,1,0,38392,37.4921875,0,1,0.656105,0.6632028,0.054035116,0.055568210800000004
100,100000,50000,sirs,enum_sampling,860.448,862.1254,53.975418,55.529397599999996,10000000.0,1,0,1,14228,13.89453125,0,0,0.860448,0.8621254,0.053975418,0.055529397599999995
100,100000,50000,sirs,sampling,634.617,636.852,53.949207,55.4907306,10000000.0,1,0,0,15204,14.84765625,0,0,0.634617,0.636852,0.053949207,0.055490730599999996
100,100000,50000,tlsop,adaptive,694.354,699.6696,180.948164,183.1938548,10000000.0,1,1,0,41080,40.1171875,0,1,0.694354,0.6996695999999999,0.180948164,0.1831938548
100,100000,50000,tlsop,enum_sampling,661.715,667.9906,179.654752,182.3221536,10000000.0,1,0,1,27628,26.98046875,0,0,0.661715,0.6679906,0.179654752,0.1823221536
100,100000,50000,tlsop,sampling,652.681,654.8586,180.61728,183.365686,10000000.0,1,0,0,27576,26.9296875,0,0,0.6526810000000001,0.6548586000000001,0.18061728,0.183365686
100,100000,50000,tsunami,adaptive,1716.33,1721.914,39.590601,41.7843962,10000000.0,1,1,0,43196,42.18359375,0,1,1.71633,1.721914,0.039590600999999996,0.041784396200000004
100,100000,50000,tsunami,enum_sampling,1902.74,1905.482,39.62879,41.8492236,10000000.0,1,0,1,21308,20.80859375,0,0,1.90274,1.905482,0.039628790000000004,0.0418492236
100,100000,50000,tsunami,sampling,1696.7,1700.194,39.637663,42.5318152,10000000.0,1,0,0,21720,21.2109375,0,0,1.6967,1.700194,0.039637663000000004,0.042531815199999996
100,100000,100000,aabb,adaptive,4296.17,4319.476,37.292814,39.9016882,20000000.0,1,1,0,104052,101.61328125,0,1,4.29617,4.319476,0.037292814,0.0399016882
100,100000,100000,aabb,enum_sampling,6211.21,6249.1759999999995,0.000999,0.005217999999999999,20000000.0,1,0,1,65320,63.7890625,0,0,6.21121,6.249175999999999,9.99e-07,5.217999999999999e-06
100,100000,100000,aabb,sampling,3996.53,4011.2000000000003,38.707629,39.7570296,20000000.0,1,0,0,60716,59.29296875,0,0,3.9965300000000004,4.0112000000000005,0.038707629,0.0397570296
100,100000,100000,interval_tree,adaptive,1127.21,1164.266,137.866925,168.2567788,20000000.0,1,1,0,571228,557.83984375,0,1,1.12721,1.164266,0.137866925,0.1682567788
100,100000,100000,interval_tree,enum_sampling,1032.7,1071.0700000000002,0.00139,0.0034919999999999994,20000000.0,1,0,1,292968,286.1015625,0,0,1.0327,1.0710700000000002,1.39e-06,3.4919999999999993e-06
100,100000,100000,interval_tree,sampling,865.83,877.6922,137.585941,168.01140779999997,20000000.0,1,0,0,304816,297.671875,0,0,0.86583,0.8776921999999999,0.137585941,0.16801140779999998
100,100000,100000,kd_tree,adaptive,866.011,881.2108,94.75694,101.2600666,20000000.0,1,1,0,98916,96.59765625,0,1,0.866011,0.8812108,0.09475694,0.1012600666
100,100000,100000,kd_tree,enum_sampling,1311.78,1327.294,0.00092,0.004477999999999999,20000000.0,1,0,1,58580,57.20703125,0,0,1.31178,1.3272940000000002,9.2e-07,4.477999999999999e-06
100,100000,100000,kd_tree,sampling,541.555,546.6974,96.817678,100.671099,20000000.0,1,0,0,54108,52.83984375,0,0,0.5415549999999999,0.5466974,0.096817678,0.100671099
100,100000,100000,ours,adaptive,575.624,578.9486,104.901949,115.7321226,20000000.0,1,1,0,213740,208.73046875,0,1,0.575624,0.5789486,0.10490194900000001,0.1157321226
100,100000,100000,ours,enum_sampling,702.945,707.0146,104.905104,115.2968052,20000000.0,1,0,1,188116,183.70703125,0,0,0.702945,0.7070145999999999,0.104905104,0.11529680519999999
100,100000,100000,ours,sampling,531.886,535.9188,104.573264,115.7126256,20000000.0,1,0,0,198624,193.96875,0,0,0.531886,0.5359188,0.104573264,0.1157126256
100,100000,100000,pbsm,adaptive,544.21,548.984,22.840064,23.2581344,20000000.0,1,1,0,28580,27.91015625,0,1,0.5442100000000001,0.548984,0.022840064,0.023258134399999998
100,100000,100000,pbsm,enum_sampling,519.213,520.0808,23.243302,23.4274248,20000000.0,1,0,1,15032,14.6796875,0,0,0.5192129999999999,0.5200807999999999,0.023243302,0.0234274248
100,100000,100000,pbsm,sampling,495.038,497.05899999999997,23.117835,23.3801162,20000000.0,1,0,0,15100,14.74609375,0,0,0.49503800000000003,0.497059,0.023117835,0.0233801162
100,100000,100000,r_tree,adaptive,924.357,940.121,37.599192,40.1431698,20000000.0,1,1,0,86084,84.06640625,0,1,0.924357,0.940121,0.037599192000000003,0.0401431698
100,100000,100000,r_tree,enum_sampling,1101.57,1106.57,37.624645,39.0596972,20000000.0,1,0,1,68448,66.84375,0,0,1.10157,1.1065699999999998,0.037624645,0.0390596972
100,100000,100000,r_tree,sampling,754.58,765.353,38.435339,40.5373968,20000000.0,1,0,0,50132,48.95703125,0,0,0.75458,0.765353,0.038435339,0.0405373968
100,100000,100000,range_tree,adaptive,2485.23,2509.16,92.706487,106.61192279999999,20000000.0,1,1,0,164072,160.2265625,0,1,2.48523,2.50916,0.09270648699999999,0.1066119228
100,100000,100000,range_tree,enum_sampling,3313.43,3340.186,0.001,0.004769999999999999,20000000.0,1,0,1,89664,87.5625,0,0,3.31343,3.340186,1e-06,4.769999999999999e-06
100,100000,100000,range_tree,sampling,1982.43,1998.16,93.145638,105.91901759999999,20000000.0,1,0,0,86484,84.45703125,0,0,1.9824300000000001,1.9981600000000002,0.093145638,0.10591901759999998
100,100000,100000,rejection,adaptive,460.005,473.51919999999996,289.718687,308.7810872,19887500.0,0,1,0,121256,118.4140625,0,1,0.460005,0.4735192,0.289718687,0.3087810872
100,100000,100000,rejection,enum_sampling,2074.5,2078.478,288.310067,307.397725,20000000.0,1,0,1,99952,97.609375,0,0,2.0745,2.078478,0.288310067,0.30739772499999996
100,100000,100000,rejection,sampling,428.148,438.428,284.506757,304.17839100000003,19887500.0,0,0,0,99664,97.328125,0,0,0.42814800000000003,0.438428,0.284506757,0.30417839100000005
100,100000,100000,sirs,adaptive,3033.75,3042.7219999999998,119.420706,122.35844420000001,20000000.0,1,1,0,47012,45.91015625,0,1,3.03375,3.042722,0.119420706,0.12235844420000001
100,100000,100000,sirs,enum_sampling,3875.01,3878.292,119.320232,122.27449200000001,20000000.0,1,0,1,21916,21.40234375,0,0,3.87501,3.878292,0.119320232,0.12227449200000001
100,100000,100000,sirs,sampling,3002.75,3007.0679999999998,119.51551,122.3049672,20000000.0,1,0,0,24096,23.53125,0,0,3.00275,3.007068,0.11951551,0.12230496719999999
100,100000,100000,tlsop,adaptive,1880.24,1889.266,411.453399,415.8604754,20000000.0,1,1,0,58588,57.21484375,0,1,1.88024,1.8892660000000001,0.411453399,0.4158604754
100,100000,100000,tlsop,enum_sampling,1812.39,1815.364,411.196832,415.4031026,20000000.0,1,0,1,45300,44.23828125,0,0,1.8123900000000002,1.815364,0.41119683199999996,0.4154031026
100,100000,100000,tlsop,sampling,1796.8,1803.162,411.591102,416.6629686,20000000.0,1,0,0,45216,44.15625,0,0,1.7968,1.803162,0.411591102,0.4166629686
100,100000,100000,tsunami,adaptive,5736.91,5744.766,86.924355,91.1555936,20000000.0,1,1,0,58204,56.83984375,0,1,5.73691,5.744765999999999,0.08692435500000001,0.0911555936
100,100000,100000,tsunami,enum_sampling,6325.5,6338.228,86.934474,91.1032168,20000000.0,1,0,1,37224,36.3515625,0,0,6.3255,6.338228,0.086934474,0.0911032168
100,100000,100000,tsunami,sampling,5727.1,5734.148,86.9979,91.4993488,20000000.0,1,0,0,37812,36.92578125,0,0,5.7271,5.734148,0.0869979,0.0914993488
100,100000,200000,aabb,adaptive,10609.6,10650.86,76.956121,80.80838179999999,40000000.0,1,1,0,195532,190.94921875,0,1,10.6096,10.65086,0.076956121,0.0808083818
100,100000,200000,aabb,enum_sampling,19206.3,19359.06,0.00068,0.0036657999999999994,40000000.0,1,0,1,126148,123.19140625,0,0,19.2063,19.359060000000003,6.800000000000001e-07,3.6657999999999993e-06
100,100000,200000,aabb,sampling,10154.0,10180.96,77.974361,80.95856719999999,40000000.0,1,0,0,115688,112.9765625,0,0,10.154,10.180959999999999,0.077974361,0.08095856719999998
100,100000,200000,interval_tree,adaptive,2528.94,2546.754,302.033204,352.104541,40000000.0,1,1,0,1140712,1113.9765625,0,1,2.52894,2.546754,0.302033204,0.352104541
100,100000,200000,interval_tree,enum_sampling,2385.84,2405.248,0.00129,0.0050279999999999995,40000000.0,1,0,1,596044,582.07421875,0,0,2.38584,2.405248,1.29e-06,5.027999999999999e-06
100,100000,200000,interval_tree,sampling,1966.82,1972.134,301.578368,354.5458268,40000000.0,1,0,0,621436,606.87109375,0,0,1.96682,1.972134,0.301578368,0.35454582679999996
100,100000,200000,kd_tree,adaptive,1725.66,1752.642,201.183004,209.41657419999999,40000000.0,1,1,0,161736,157.9453125,0,1,1.72566,1.752642,0.201183004,0.20941657419999998
100,100000,200000,kd_tree,enum_sampling,2894.09,2906.83,0.00105,0.004625999999999999,40000000.0,1,0,1,112220,109.58984375,0,0,2.8940900000000003,2.90683,1.05e-06,4.625999999999999e-06
100,100000,200000,kd_tree,sampling,1143.8,1156.114,200.091035,210.0357932,40000000.0,1,0,0,102256,99.859375,0,0,1.1438,1.156114,0.200091035,0.2100357932
100,100000,200000,ours,adaptive,1335.05,1340.202,231.965047,244.7327162,40000000.0,1,1,0,416216,406.4609375,0,1,1.3350499999999998,1.340202,0.231965047,0.2447327162
100,100000,200000,ours,enum_sampling,1624.85,1635.134,234.818128,243.5761894,40000000.0,1,0,1,380916,371.98828125,0,0,1.62485,1.635134,0.23481812800000001,0.2435761894
100,100000,200000,ours,sampling,1282.93,1286.906,234.367827,245.0803262,40000000.0,1,0,0,408128,398.5625,0,0,1.2829300000000001,1.2869059999999999,0.234367827,0.2450803262
100,100000,200000,pbsm,adaptive,1140.68,1150.236,48.790965,49.6316498,40000000.0,1,1,0,37200,36.328125,0,1,1.1406800000000001,1.150236,0.048790965,0.0496316498
100,100000,200000,pbsm,enum_sampling,1087.26,1089.862,49.201299,49.7090172,40000000.0,1,0,1,22492,21.96484375,0,0,1.08726,1.089862,0.049201299,0.0497090172
100,100000,200000,pbsm,sampling,1065.32,1068.444,49.959228,50.0184572,40000000.0,1,0,0,22592,22.0625,0,0,1.06532,1.068444,0.049959228,0.0500184572
100,100000,200000,r_tree,adaptive,1918.6,1937.892,78.521615,81.930167,40000000.0,1,1,0,141208,137.8984375,0,1,1.9185999999999999,1.937892,0.078521615,0.081930167
100,100000,200000,r_tree,enum_sampling,2420.31,2436.384,76.721927,79.823742,40000000.0,1,0,1,129832,126.7890625,0,0,2.4203099999999997,2.436384,0.076721927,0.07982374199999999
100,100000,200000,r_tree,sampling,1618.64,1633.6879999999999,77.319587,81.791049,40000000.0,1,0,0,94344,92.1328125,0,0,1.61864,1.6336879999999998,0.077319587,0.081791049
100,100000,200000,range_tree,adaptive,6308.96,6346.964,194.724052,230.2773364,40000000.0,1,1,0,305564,298.40234375,0,1,6.30896,6.346964,0.194724052,0.2302773364
100,100000,200000,range_tree,enum_sampling,8114.47,8131.472,0.00073,0.0035331999999999994,40000000.0,1,0,1,188908,184.48046875,0,0,8.11447,8.131472,7.3e-07,3.5331999999999995e-06
100,100000,200000,range_tree,sampling,5399.74,5436.858,192.278766,230.5799974,40000000.0,1,0,0,177700,173.53515625,0,0,5.3997399999999995,5.436858,0.192278766,0.2305799974
100,100000,200000,rejection,adaptive,939.516,961.7702,564.505361,601.7268452000001,40016000.0,0,1,0,205916,201.08984375,0,1,0.939516,0.9617702,0.564505361,0.6017268452000001
100,100000,200000,rejection,enum_sampling,6506.86,6529.598,562.778619,600.7213586,40000000.0,1,0,1,186288,181.921875,0,0,6.50686,6.529598,0.562778619,0.6007213586
100,100000,200000,rejection,sampling,908.137,926.2338,566.330967,602.7933004,40016000.0,0,0,0,186236,181.87109375,0,0,0.908137,0.9262338,0.566330967,0.6027933004
100,100000,200000,sirs,adaptive,5565.05,5577.2699999999995,263.545177,269.3368678,40000000.0,1,1,0,64176,62.671875,0,1,5.56505,5.5772699999999995,0.263545177,0.2693368678
100,100000,200000,sirs,enum_sampling,7290.16,7295.204000000001,260.826822,266.52224279999996,40000000.0,1,0,1,37844,36.95703125,0,0,7.29016,7.295204000000001,0.260826822,0.2665222428
100,100000,200000,sirs,sampling,5583.88,5591.082,261.696873,267.37614479999996,40000000.0,1,0,0,44184,43.1484375,0,0,5.58388,5.591082,0.261696873,0.26737614479999994
100,100000,200000,tlsop,adaptive,6059.08,6079.192,1011.467708,1021.9231712,40000000.0,1,1,0,93936,91.734375,0,1,6.05908,6.079192,1.011467708,1.0219231711999999
100,100000,200000,tlsop,enum_sampling,5899.62,5911.802,1014.744419,1024.366248,40000000.0,1,0,1,80612,78.72265625,0,0,5.89962,5.911802,1.014744419,1.024366248
100,100000,200000,tlsop,sampling,5874.16,5882.778,1013.973651,1023.8326038,40000000.0,1,0,0,80588,78.69921875,0,0,5.87416,5.882778,1.013973651,1.0238326038
100,100000,200000,tsunami,adaptive,18791.0,18802.239999999998,189.519478,198.3113232,40000000.0,1,1,0,88708,86.62890625,0,1,18.791,18.802239999999998,0.189519478,0.1983113232
100,100000,200000,tsunami,enum_sampling,20874.6,20886.64,190.084701,198.6165422,40000000.0,1,0,1,69036,67.41796875,0,0,20.874599999999997,20.88664,0.190084701,0.1986165422
100,100000,200000,tsunami,sampling,18878.4,18885.8,190.324781,198.8588314,40000000.0,1,0,0,70612,68.95703125,0,0,18.878400000000003,18.8858,0.190324781,0.19885883140000002
100,100000,400000,aabb,adaptive,25986.9,26059.84,168.014702,171.6055418,80000000.0,1,1,0,282608,275.984375,0,1,25.986900000000002,26.05984,0.168014702,0.1716055418
100,100000,400000,aabb,enum_sampling,34874.6,34933.2,0.00091,0.003907999999999999,50000000.0,0,1,1,198068,193.42578125,0,1,34.8746,34.9332,9.1e-07,3.907999999999999e-06
100,100000,400000,aabb,sampling,24873.5,24918.76,168.218114,171.6822572,80000000.0,1,0,0,229724,224.33984375,0,0,24.8735,24.91876,0.168218114,0.17168225720000002
100,100000,400000,interval_tree,adaptive,5541.96,5574.97,669.113274,746.4580304,80000000.0,1,1,0,2297200,2243.359375,0,1,5.54196,5.57497,0.6691132740000001,0.7464580304
100,100000,400000,interval_tree,enum_sampling,3936.77,3947.3019999999997,0.00133,0.004567999999999999,50000000.0,0,1,1,1202464,1174.28125,0,1,3.93677,3.9473019999999996,1.33e-06,4.567999999999999e-06
100,100000,400000,interval_tree,sampling,4449.17,4485.9039999999995,670.085107,750.7947686,80000000.0,1,0,0,1270340,1240.56640625,0,0,4.4491700000000005,4.485904,0.670085107,0.7507947686
100,100000,400000,kd_tree,adaptive,4138.26,4168.616,420.128896,440.5085962,80000000.0,1,1,0,309312,302.0625,0,1,4.13826,4.168616,0.420128896,0.4405085962
100,100000,400000,kd_tree,enum_sampling,5333.82,5388.372,0.00069,0.0038379999999999994,50000000.0,0,1,1,188816,184.390625,0,1,5.333819999999999,5.388372,6.9e-07,3.8379999999999995e-06
100,100000,400000,kd_tree,sampling,2825.58,2840.768,426.497475,440.1264296,80000000.0,1,0,0,198584,193.9296875,0,0,2.82558,2.840768,0.426497475,0.4401264296
100,100000,400000,ours,adaptive,3145.26,3153.7799999999997,531.746368,538.2691520000001,80000000.0,1,1,0,821796,802.53515625,0,1,3.1452600000000004,3.15378,0.531746368,0.538269152
100,100000,400000,ours,enum_sampling,2556.42,3198.024,521.213117,527.379953,50000000.0,0,1,1,743536,726.109375,0,1,2.55642,3.1980239999999998,0.5212131170000001,0.527379953
100,100000,400000,ours,sampling,3075.11,3077.182,535.267829,539.0429312,80000000.0,1,0,0,804488,785.6328125,0,0,3.07511,3.0771819999999996,0.535267829,0.5390429312
100,100000,400000,pbsm,adaptive,2500.31,2521.0820000000003,105.982017,107.6583096,80000000.0,1,1,0,54148,52.87890625,0,1,2.50031,2.5210820000000003,0.105982017,0.1076583096
100,100000,400000,pbsm,enum_sampling,1690.01,1690.556,107.850916,107.9544294,50000000.0,0,1,1,39564,38.63671875,0,1,1.69001,1.690556,0.10785091599999999,0.1079544294
100,100000,400000,pbsm,sampling,2464.82,2467.996,106.699242,107.6714916,80000000.0,1,0,0,39560,38.6328125,0,0,2.46482,2.4679960000000003,0.106699242,0.1076714916
100,100000,400000,r_tree,adaptive,4124.11,4155.822,168.36884,173.25174579999998,80000000.0,1,1,0,251364,245.47265625,0,1,4.12411,4.155822,0.16836884000000002,0.17325174579999997
100,100000,400000,r_tree,enum_sampling,3823.7,3861.288,166.582072,170.14669080000002,50000000.0,0,1,1,218284,213.16796875,0,1,3.8236999999999997,3.861288,0.166582072,0.17014669080000003
100,100000,400000,r_tree,sampling,3626.12,3635.982,169.088242,173.63954080000002,80000000.0,1,0,0,183876,179.56640625,0,0,3.62612,3.635982,0.169088242,0.17363954080000002
100,100000,400000,range_tree,adaptive,16457.6,16537.16,413.485546,483.6473906,80000000.0,1,1,0,583592,569.9140625,0,1,16.4576,16.53716,0.413485546,0.4836473906
100,100000,400000,range_tree,enum_sampling,13395.7,13397.38,0.00078,0.0037359999999999997,50000000.0,0,1,1,324536,316.9296875,0,1,13.395700000000001,13.39738,7.799999999999999e-07,3.736e-06
100,100000,400000,range_tree,sampling,14690.4,14777.18,416.799213,483.6987664,80000000.0,1,0,0,343128,335.0859375,0,0,14.6904,14.77718,0.416799213,0.48369876640000004
100,100000,400000,rejection,adaptive,1953.85,1977.78,1123.326549,1183.318966,79009400.0,0,1,0,383452,374.46484375,0,1,1.9538499999999999,1.9777799999999999,1.1233265490000002,1.183318966
100,100000,400000,rejection,enum_sampling,2450.39,2474.444,1101.105966,1169.7770048,50000000.0,0,1,1,359208,350.7890625,0,1,2.45039,2.474444,1.101105966,1.1697770048
100,100000,400000,rejection,sampling,1888.56,1912.206,1099.07069,1166.042913,79009400.0,0,0,0,359340,350.91796875,0,0,1.88856,1.9122059999999999,1.09907069,1.166042913
100,100000,400000,sirs,adaptive,26755.0,26767.5,578.565769,589.4874622,80000000.0,1,1,0,99248,96.921875,0,1,26.755,26.7675,0.578565769,0.5894874622
100,100000,400000,sirs,enum_sampling,1453.29,1466.796,578.483569,589.98264,50000000.0,0,1,1,67824,66.234375,0,1,1.45329,1.466796,0.578483569,0.5899826399999999
100,100000,400000,sirs,sampling,26262.6,26273.780000000002,577.322279,589.3057476,80000000.0,1,0,0,82052,80.12890625,0,0,26.2626,26.273780000000002,0.577322279,0.5893057476
100,100000,400000,tlsop,adaptive,20593.1,20601.14,2301.442006,2320.2819364,80000000.0,1,1,0,164480,160.625,0,1,20.5931,20.60114,2.3014420060000003,2.3202819364000002
100,100000,400000,tlsop,enum_sampling,12850.9,12879.36,2298.777028,2316.4044,50000000.0,0,1,1,151196,147.65234375,0,1,12.8509,12.87936,2.298777028,2.3164043999999997
100,100000,400000,tlsop,sampling,20076.1,20078.300000000003,2292.247326,2308.8820528,80000000.0,1,0,0,151220,147.67578125,0,0,20.0761,20.078300000000002,2.292247326,2.3088820528
100,100000,400000,tsunami,adaptive,62833.3,62926.8,417.375888,433.7029046,80000000.0,1,1,0,149156,145.66015625,0,1,62.8333,62.9268,0.417375888,0.4337029046
100,100000,400000,tsunami,enum_sampling,2151.76,2161.4700000000003,418.454273,435.0513944,50000000.0,0,1,1,131372,128.29296875,0,1,2.1517600000000003,2.1614700000000004,0.418454273,0.4350513944
100,100000,400000,tsunami,sampling,62663.7,62692.94,417.103302,434.3389118,80000000.0,1,0,0,134204,131.05859375,0,0,62.6637,62.69294,0.417103302,0.4343389118
100,100000,800000,aabb,adaptive,65189.1,65279.86,345.315839,350.101677,160000000.0,1,1,0,549708,536.82421875,0,1,65.1891,65.27986,0.34531583899999996,0.350101677
100,100000,800000,aabb,enum_sampling,44802.1,44892.58,0.00095,0.004427199999999999,50000000.0,0,1,1,343080,335.0390625,0,1,44.802099999999996,44.89258,9.5e-07,4.427199999999999e-06
100,100000,800000,aabb,sampling,62517.3,62595.06,343.754812,349.741742,160000000.0,1,0,0,453020,442.40234375,0,0,62.517300000000006,62.59506,0.343754812,0.34974174199999997
100,100000,800000,interval_tree,adaptive,12007.9,12071.88,1432.258378,1582.9727831999999,160000000.0,1,1,0,4680412,4570.71484375,0,1,12.0079,12.071879999999998,1.432258378,1.5829727831999998
100,100000,800000,interval_tree,enum_sampling,6406.91,6442.296,0.0013,0.0047799999999999995,50000000.0,0,1,1,2375560,2319.8828125,0,1,6.40691,6.442296000000001,1.2999999999999998e-06,4.779999999999999e-06
100,100000,800000,interval_tree,sampling,10019.3,10071.18,1445.293968,1598.762338,160000000.0,1,0,0,2593984,2533.1875,0,0,10.0193,10.07118,1.4452939679999999,1.598762338
100,100000,800000,kd_tree,adaptive,9230.23,9239.038,897.442448,919.0113526,160000000.0,1,1,0,606196,591.98828125,0,1,9.230229999999999,9.239038,0.8974424480000001,0.9190113526
100,100000,800000,kd_tree,enum_sampling,9207.85,9225.4,0.00103,0.004273999999999999,50000000.0,0,1,1,368392,359.7578125,0,1,9.20785,9.2254,1.03e-06,4.273999999999999e-06
100,100000,800000,kd_tree,sampling,6914.2,6936.136,897.970392,921.9733768,160000000.0,1,0,0,418356,408.55078125,0,0,6.9142,6.936136,0.897970392,0.9219733768
100,100000,800000,ours,adaptive,6858.56,6882.256,1154.475792,1172.2287398,160000000.0,1,1,0,1656968,1618.1328125,0,1,6.858560000000001,6.882256,1.154475792,1.1722287398
100,100000,800000,ours,enum_sampling,4004.51,4011.2659999999996,1081.165932,1089.0760572,50000000.0,0,1,1,1367816,1335.7578125,0,1,4.00451,4.011266,1.0811659320000002,1.0890760572
100,100000,800000,ours,sampling,6743.63,6753.394,1160.840152,1172.6513638,160000000.0,1,0,0,1640808,1602.3515625,0,0,6.7436300000000005,6.753394,1.160840152,1.1726513637999998
100,100000,800000,pbsm,adaptive,8312.47,8325.322,237.24473,239.9188002,160000000.0,1,1,0,87232,85.1875,0,1,8.31247,8.325322,0.23724473000000001,0.2399188002
100,100000,800000,pbsm,enum_sampling,2852.1,2857.862,238.01417,240.40831039999998,50000000.0,0,1,1,71232,69.5625,0,1,2.8521,2.857862,0.23801417,0.24040831039999996
100,100000,800000,pbsm,sampling,8272.77,8310.676000000001,236.964935,239.8119226,160000000.0,1,0,0,71176,69.5078125,0,0,8.272770000000001,8.310676,0.236964935,0.2398119226
100,100000,800000,r_tree,adaptive,8878.99,8919.508,345.987432,352.940548,160000000.0,1,1,0,482136,470.8359375,0,1,8.87899,8.919508,0.34598743200000004,0.35294054799999997
100,100000,800000,r_tree,enum_sampling,5626.18,5649.996,342.659123,346.2922404,50000000.0,0,1,1,413084,403.40234375,0,1,5.626180000000001,5.649996,0.342659123,0.3462922404
100,100000,800000,r_tree,sampling,7924.37,7951.715999999999,346.092049,353.142974,160000000.0,1,0,0,362012,353.52734375,0,0,7.92437,7.951715999999999,0.34609204899999996,0.353142974
100,100000,800000,range_tree,adaptive,43682.9,44176.299999999996,879.003128,1069.1128266,160000000.0,1,1,0,1181296,1153.609375,0,1,43.682900000000004,44.1763,0.8790031279999999,1.0691128266
100,100000,800000,range_tree,enum_sampling,22494.6,22525.6,0.00076,0.004565999999999999,50000000.0,0,1,1,643460,628.37890625,0,1,22.4946,22.525599999999997,7.6e-07,4.565999999999999e-06
100,100000,800000,range_tree,sampling,39838.3,40131.64,881.464151,1069.401426,160000000.0,1,0,0,648484,633.28515625,0,0,39.838300000000004,40.13164,0.881464151,1.069401426
100,100000,800000,rejection,adaptive,4014.32,4052.504,2262.008038,2394.4401526,160744000.0,0,1,0,718992,702.140625,0,1,4.0143200000000006,4.052504,2.262008038,2.3944401526
100,100000,800000,rejection,enum_sampling,4824.52,4899.4,2260.74217,2395.477014,50000000.0,0,1,1,705476,688.94140625,0,1,4.824520000000001,4.8994,2.26074217,2.395477014
100,100000,800000,rejection,sampling,3927.67,3973.504,2254.192062,2381.682362,160744000.0,0,0,0,705440,688.90625,0,0,3.92767,3.9735039999999997,2.254192062,2.381682362
100,100000,800000,sirs,adaptive,50928.2,50948.32,1313.164326,1335.275079,160000000.0,1,1,0,180580,176.34765625,0,1,50.9282,50.94832,1.313164326,1.335275079
100,100000,800000,sirs,enum_sampling,2196.49,2220.152,1310.13503,1333.2962360000001,50000000.0,0,1,1,128848,125.828125,0,1,2.19649,2.220152,1.3101350299999999,1.3332962360000002
100,100000,800000,sirs,sampling,50735.3,50761.4,1313.595882,1338.7085642,160000000.0,1,0,0,160228,156.47265625,0,0,50.7353,50.7614,1.313595882,1.3387085642
100,100000,800000,tlsop,adaptive,77961.2,78196.56,5145.205467,5176.6611776,160000000.0,1,1,0,305856,298.6875,0,1,77.96119999999999,78.19655999999999,5.145205466999999,5.1766611776
100,100000,800000,tlsop,enum_sampling,30264.7,30304.26,5153.257171,5191.1403868,50000000.0,0,1,1,292560,285.703125,0,1,30.2647,30.30426,5.153257171,5.1911403868
100,100000,800000,tlsop,sampling,75897.9,81579.14,5141.821491,5174.8744452,160000000.0,1,0,0,292468,285.61328125,0,0,75.89789999999999,81.57914,5.141821491,5.1748744452
100,100000,800000,tsunami,adaptive,334523.0,334668.0,932.182644,963.5881826,160000000.0,1,1,0,264212,258.01953125,0,1,334.523,334.668,0.932182644,0.9635881826
100,100000,800000,tsunami,enum_sampling,4792.59,4824.504,928.799796,960.4345488,50000000.0,0,1,1,255848,249.8515625,0,1,4.792590000000001,4.824504,0.9287997960000001,0.9604345488
100,100000,800000,tsunami,sampling,333964.0,334207.4,931.246452,962.6890476,160000000.0,1,0,0,261612,255.48046875,0,0,333.964,334.2074,0.931246452,0.9626890476
