dataset,generator,alpha,n_r,n_s,method,variant,t,repeats_ok,build_ms,count_ms,enum_ms,sample_ms,run_total_ms_from_phases,wall_ms,build_pct,count_pct,enum_pct,sample_pct
exp7_stripe__nr100000__ns100000__a1_000em01__g1,stripe_ctrl_alpha,0.1,100000,100000,aabb,adaptive,100000,3,35.419381,0.0,602.4408050000001,0.273675,639.3613750000001,639.373,5.539806185508156,0.0,94.2253987426125,0.04280443121857337
exp7_stripe__nr100000__ns100000__a1_000em01__g1,stripe_ctrl_alpha,0.1,100000,100000,interval_tree,adaptive,100000,3,133.500771,0.0,536.402326,0.412142,670.315239,709.694,19.91611755674258,0.0,80.02239764088073,0.0614848023766919
exp7_stripe__nr100000__ns100000__a1_000em01__g1,stripe_ctrl_alpha,0.1,100000,100000,kd_tree,adaptive,100000,3,94.236428,0.0,366.64998,0.260114,463.464874,463.48,20.33302484968904,0.0,79.11062964396307,0.05612377864908053
exp7_stripe__nr100000__ns100000__a1_000em01__g1,stripe_ctrl_alpha,0.1,100000,100000,ours,adaptive,100000,3,104.626657,0.0,221.539644,0.310204,326.408996,366.208,32.05385215547184,0.0,67.8717948080083,0.0950353709001329
exp7_stripe__nr100000__ns100000__a1_000em01__g1,stripe_ctrl_alpha,0.1,100000,100000,pbsm,adaptive,100000,3,22.737609,0.0,2.8233740000000003,0.216825,25.791135999999998,25.7969,88.16055640201347,0.0,10.947071117766974,0.8406958111500014
exp7_stripe__nr100000__ns100000__a1_000em01__g1,stripe_ctrl_alpha,0.1,100000,100000,r_tree,adaptive,100000,3,35.610527,0.0,385.600888,0.272005,421.483009,421.819,8.4488641865988,0.0,91.48669810317313,0.06453522305569381
exp7_stripe__nr100000__ns100000__a1_000em01__g1,stripe_ctrl_alpha,0.1,100000,100000,range_tree,adaptive,100000,3,90.20269,0.0,1174.587092,0.273544,1264.758233,1264.77,7.132010501804735,0.0,92.87048396703341,0.021628165198905647
exp7_stripe__nr100000__ns100000__a1_000em01__g1,stripe_ctrl_alpha,0.1,100000,100000,rejection,adaptive,100000,3,300.469238,0.0,1272.9090840000001,0.271165,1573.571726,1584.2,19.094727811600247,0.0,80.89298142358719,0.017232452484978112
exp7_stripe__nr100000__ns100000__a1_000em01__g1,stripe_ctrl_alpha,0.1,100000,100000,sirs,adaptive,100000,3,118.715173,0.0,3345.669344,0.268884,3464.946556,3464.96,3.4261761640862662,0.0,96.55760312396576,0.007760119691727794
exp7_stripe__nr100000__ns100000__a1_000em01__g1,stripe_ctrl_alpha,0.1,100000,100000,tlsop,adaptive,100000,3,389.595457,0.0,528.5028209999999,0.269524,918.367802,919.312,42.4225954080215,0.0,57.548056437631935,0.02934815434655232
exp7_stripe__nr100000__ns100000__a1_000em01__g1,stripe_ctrl_alpha,0.1,100000,100000,tsunami,adaptive,100000,3,85.83946,0.0,5710.511947,0.273625,5796.700581,5796.72,1.4808330842782924,0.0,98.5131432476864,0.004720357661682026
exp7_stripe__nr100000__ns100000__a1_000em01__g1,stripe_ctrl_alpha,0.1,100000,100000,aabb,enum_sampling,100000,3,0.00088,0.0,612.543049,527.988305,1140.721502,1140.79,7.714415818910372e-05,0.0,53.69786121555899,46.28546968513266
exp7_stripe__nr100000__ns100000__a1_000em01__g1,stripe_ctrl_alpha,0.1,100000,100000,interval_tree,enum_sampling,100000,3,0.00116,0.0,549.547191,224.848703,774.3972540000001,820.683,0.00014979391959465805,0.0,70.96450667424499,29.03531770529754
exp7_stripe__nr100000__ns100000__a1_000em01__g1,stripe_ctrl_alpha,0.1,100000,100000,kd_tree,enum_sampling,100000,3,0.0008,0.0,366.75511,262.847536,630.612046,630.687,0.000126860881436445,0.0,58.15859565740043,41.681337625447135
exp7_stripe__nr100000__ns100000__a1_000em01__g1,stripe_ctrl_alpha,0.1,100000,100000,ours,enum_sampling,100000,3,102.525321,0.0,223.803884,99.885025,426.536623,465.969,24.03669825087915,0.0,52.470027644027184,23.41769020851464
exp7_stripe__nr100000__ns100000__a1_000em01__g1,stripe_ctrl_alpha,0.1,100000,100000,pbsm,enum_sampling,100000,3,22.750781,0.0,2.793633,11.281542,36.849925000000006,36.9021,61.739015751049685,0.0,7.581109052460756,30.614830287985654
exp7_stripe__nr100000__ns100000__a1_000em01__g1,stripe_ctrl_alpha,0.1,100000,100000,r_tree,enum_sampling,100000,3,35.234279,0.0,385.446652,304.067715,724.747697,725.112,4.861592405998359,0.0,53.18356354846065,41.95497498766112
exp7_stripe__nr100000__ns100000__a1_000em01__g1,stripe_ctrl_alpha,0.1,100000,100000,range_tree,enum_sampling,100000,3,0.00072,0.0,1177.3036749999999,747.3454909999999,1924.4947889999999,1924.57,3.7412416189192396e-05,0.0,61.17468759745236,38.8333340922338
exp7_stripe__nr100000__ns100000__a1_000em01__g1,stripe_ctrl_alpha,0.1,100000,100000,rejection,enum_sampling,100000,3,304.82896,0.0,1274.96395,9.211255,1588.952655,1596.76,19.18426952752724,0.0,80.23926615988441,0.5797060706003225
exp7_stripe__nr100000__ns100000__a1_000em01__g1,stripe_ctrl_alpha,0.1,100000,100000,sirs,enum_sampling,100000,3,118.811823,0.0,3349.454583,9.42151,3478.085138,3478.15,3.416012497851627,0.0,96.30168469441303,0.27088209822884446
exp7_stripe__nr100000__ns100000__a1_000em01__g1,stripe_ctrl_alpha,0.1,100000,100000,tlsop,enum_sampling,100000,3,388.358364,0.0,527.413309,503.394593,1419.0684079999999,1420.1,27.367134791432836,0.0,37.166165212804884,35.473595928294394
exp7_stripe__nr100000__ns100000__a1_000em01__g1,stripe_ctrl_alpha,0.1,100000,100000,tsunami,enum_sampling,100000,3,85.987156,0.0,5672.699498,9.984158,5768.670812,5768.75,1.4905887127608208,0.0,98.33633574999008,0.17307553724908234
exp7_stripe__nr100000__ns100000__a1_000em01__g1,stripe_ctrl_alpha,0.1,100000,100000,aabb,sampling,100000,3,35.413321,460.022753,0.0,180.87935,675.737426,675.74,5.240692558591538,68.07714584096458,0.0,26.76769748727814
exp7_stripe__nr100000__ns100000__a1_000em01__g1,stripe_ctrl_alpha,0.1,100000,100000,interval_tree,sampling,100000,3,137.064808,394.337237,0.0,257.493445,789.4136100000001,821.766,17.362863556406126,49.95318449095399,0.0,32.61831842498889
exp7_stripe__nr100000__ns100000__a1_000em01__g1,stripe_ctrl_alpha,0.1,100000,100000,kd_tree,sampling,100000,3,94.531662,180.298691,0.0,58.61014,333.395945,333.398,28.35417269397203,54.079449286643246,0.0,17.57973990955409
exp7_stripe__nr100000__ns100000__a1_000em01__g1,stripe_ctrl_alpha,0.1,100000,100000,ours,sampling,100000,3,103.97255,219.617883,0.0,143.686184,466.971202,507.696,22.265302347274083,47.03028410732703,0.0,30.769816936163014
exp7_stripe__nr100000__ns100000__a1_000em01__g1,stripe_ctrl_alpha,0.1,100000,100000,pbsm,sampling,100000,3,22.731979,2.801173,0.0,9.816621,35.349773,35.3511,64.30586980006915,7.924161210313854,0.0,27.769968989616988
exp7_stripe__nr100000__ns100000__a1_000em01__g1,stripe_ctrl_alpha,0.1,100000,100000,r_tree,sampling,100000,3,35.598827,307.366993,0.0,253.173603,597.572265,597.889,5.957242175555119,51.435953608054405,0.0,42.36702702391986
exp7_stripe__nr100000__ns100000__a1_000em01__g1,stripe_ctrl_alpha,0.1,100000,100000,range_tree,sampling,100000,3,90.259629,989.324548,0.0,721.757597,1801.7675749999999,1801.77,5.009504569422614,54.908555450055765,0.0,40.05830757610343
exp7_stripe__nr100000__ns100000__a1_000em01__g1,stripe_ctrl_alpha,0.1,100000,100000,sirs,sampling,100000,3,118.29537,2755.31546,0.0,12.309851,2886.016133,2886.02,4.098915756130321,95.47124246792974,0.0,0.42653437932115673
exp7_stripe__nr100000__ns100000__a1_000em01__g1,stripe_ctrl_alpha,0.1,100000,100000,tlsop,sampling,100000,3,390.95,526.641377,0.0,502.885039,1419.9421790000001,1420.73,27.53281124977413,37.08893114020243,0.0,35.415881465973406
exp7_stripe__nr100000__ns100000__a1_000em01__g1,stripe_ctrl_alpha,0.1,100000,100000,tsunami,sampling,100000,3,86.052446,5377.522288,0.0,12.394449,5476.273078,5476.28,1.5713687899476951,98.19675190419713,0.0,0.22633000260327776
exp7_stripe__nr100000__ns100000__a3_000ep00__g1,stripe_ctrl_alpha,3,100000,100000,aabb,adaptive,100000,3,35.079619,0.0,680.387236,1.180376,716.6083120000001,716.622,4.895229152742509,0.0,94.94548480760574,0.1647170400111128
exp7_stripe__nr100000__ns100000__a3_000ep00__g1,stripe_ctrl_alpha,3,100000,100000,interval_tree,adaptive,100000,3,133.819199,0.0,545.097978,1.320113,680.410747,726.581,19.66741407157697,0.0,80.11307587415281,0.19401707069156568
exp7_stripe__nr100000__ns100000__a3_000ep00__g1,stripe_ctrl_alpha,3,100000,100000,kd_tree,adaptive,100000,3,95.78448,0.0,399.814832,1.127538,499.112731,499.129,19.190951071933288,0.0,80.10511597228724,0.22590848318793938
exp7_stripe__nr100000__ns100000__a3_000ep00__g1,stripe_ctrl_alpha,3,100000,100000,ours,adaptive,100000,3,101.746209,0.0,232.227135,1.155177,335.14302,379.096,30.359041641386415,0.0,69.29195034406506,0.34468180181702723
exp7_stripe__nr100000__ns100000__a3_000ep00__g1,stripe_ctrl_alpha,3,100000,100000,pbsm,adaptive,100000,3,22.737359,0.0,10.043757,0.49088,33.267706,33.2736,68.34663923024931,0.0,30.190711075780218,1.4755450826696617
exp7_stripe__nr100000__ns100000__a3_000ep00__g1,stripe_ctrl_alpha,3,100000,100000,r_tree,adaptive,100000,3,35.270585,0.0,402.857731,1.165687,439.28998399999995,439.645,8.02899822091095,0.0,91.70655960141355,0.2653570630920645
exp7_stripe__nr100000__ns100000__a3_000ep00__g1,stripe_ctrl_alpha,3,100000,100000,range_tree,adaptive,100000,3,89.699133,0.0,1220.613882,1.191676,1312.6794659999998,1312.7,6.833285301043935,0.0,92.98643832065552,0.09078194874421842
exp7_stripe__nr100000__ns100000__a3_000ep00__g1,stripe_ctrl_alpha,3,100000,100000,rejection,adaptive,100000,3,299.797761,0.0,1290.2038349999998,1.178136,1595.5258139999999,1605.3,18.789903514528785,0.0,80.86386466950637,0.07383998363814627
exp7_stripe__nr100000__ns100000__a3_000ep00__g1,stripe_ctrl_alpha,3,100000,100000,sirs,adaptive,100000,3,118.712737,0.0,3356.943089,1.170776,3477.328142,3477.34,3.4139066591432434,0.0,96.53800135955073,0.03366883860798432
exp7_stripe__nr100000__ns100000__a3_000ep00__g1,stripe_ctrl_alpha,3,100000,100000,tlsop,adaptive,100000,3,392.506722,0.0,536.729843,1.159007,928.8243010000001,928.838,42.25844668118776,0.0,57.78593889308672,0.12478215726614583
exp7_stripe__nr100000__ns100000__a3_000ep00__g1,stripe_ctrl_alpha,3,100000,100000,tsunami,adaptive,100000,3,85.893412,0.0,5680.195204,1.164157,5767.294163,5767.31,1.4893190735969055,0.0,98.48977776166193,0.02018549716899537
exp7_stripe__nr100000__ns100000__a3_000ep00__g1,stripe_ctrl_alpha,3,100000,100000,aabb,sampling,100000,3,35.094659,526.337117,0.0,283.964897,846.6884280000002,846.69,4.144931930025149,62.1642034535991,0.0,33.53829904948222
exp7_stripe__nr100000__ns100000__a3_000ep00__g1,stripe_ctrl_alpha,3,100000,100000,interval_tree,sampling,100000,3,136.919557,394.202824,0.0,270.634908,800.751919,834.694,17.098873415250594,49.229082646756666,0.0,33.797597180656894
exp7_stripe__nr100000__ns100000__a3_000ep00__g1,stripe_ctrl_alpha,3,100000,100000,kd_tree,sampling,100000,3,95.728491,210.243212,0.0,93.048215,398.49116,398.494,24.02273892349331,52.75981831064961,0.0,23.350132785881623
exp7_stripe__nr100000__ns100000__a3_000ep00__g1,stripe_ctrl_alpha,3,100000,100000,ours,sampling,100000,3,101.623631,221.10269,0.0,148.931443,469.221943,512.749,21.657902516293873,47.12113175832444,0.0,31.740084883455673
exp7_stripe__nr100000__ns100000__a3_000ep00__g1,stripe_ctrl_alpha,3,100000,100000,pbsm,sampling,100000,3,22.728179,9.328861,0.0,16.178243,48.344531,48.3462,47.0129268603309,19.29662116279502,0.0,33.4644739856924
exp7_stripe__nr100000__ns100000__a3_000ep00__g1,stripe_ctrl_alpha,3,100000,100000,r_tree,sampling,100000,3,35.273746,322.302352,0.0,276.758164,634.250553,634.259,5.561484469056506,50.81625084527124,0.0,43.63546278216647
exp7_stripe__nr100000__ns100000__a3_000ep00__g1,stripe_ctrl_alpha,3,100000,100000,range_tree,sampling,100000,3,89.622755,1024.456352,0.0,803.926998,1918.359089,1918.37,4.671844573516132,53.40274184714955,0.0,41.90701327033982
exp7_stripe__nr100000__ns100000__a3_000ep00__g1,stripe_ctrl_alpha,3,100000,100000,sirs,sampling,100000,3,118.601528,2750.2333,0.0,16.233581,2885.147872,2885.15,4.110760808865744,95.32382470550888,0.0,0.5626602767069542
exp7_stripe__nr100000__ns100000__a3_000ep00__g1,stripe_ctrl_alpha,3,100000,100000,tlsop,sampling,100000,3,391.838465,535.602294,0.0,523.807123,1450.6417940000001,1450.65,27.01138672694273,36.92174706500976,0.0,36.10864688764096
exp7_stripe__nr100000__ns100000__a3_000ep00__g1,stripe_ctrl_alpha,3,100000,100000,tsunami,sampling,100000,3,86.165167,5329.838036,0.0,17.071244,5433.652614,5433.66,1.585768784297921,98.08941451773127,0.0,0.3141762128115318
exp7_stripe__nr100000__ns100000__a5_000ep00__g1,stripe_ctrl_alpha,5,100000,100000,aabb,adaptive,100000,3,35.300266,0.0,1000.6394789999999,1.269665,1037.2127389999998,1037.23,3.4033775977369682,0.0,96.47389020354098,0.12241124238640887
exp7_stripe__nr100000__ns100000__a5_000ep00__g1,stripe_ctrl_alpha,5,100000,100000,interval_tree,adaptive,100000,3,133.679396,0.0,552.355667,1.273384,687.182019,727.993,19.45327326732628,0.0,80.37981957150134,0.18530519786490515
exp7_stripe__nr100000__ns100000__a5_000ep00__g1,stripe_ctrl_alpha,5,100000,100000,kd_tree,adaptive,100000,3,95.629135,0.0,405.839151,1.222775,502.695152,502.711,19.02328570696063,0.0,80.7326566379936,0.24324384174685654
exp7_stripe__nr100000__ns100000__a5_000ep00__g1,stripe_ctrl_alpha,5,100000,100000,ours,adaptive,100000,3,101.970887,0.0,237.713461,1.200176,340.89509400000003,383.799,29.912688329859037,0.0,69.73214492784692,0.3520660816550208
exp7_stripe__nr100000__ns100000__a5_000ep00__g1,stripe_ctrl_alpha,5,100000,100000,pbsm,adaptive,100000,3,22.776399,0.0,15.005657,0.657007,38.397274,38.4059,59.31775000485712,0.0,39.080006044179065,1.7110771978239914
exp7_stripe__nr100000__ns100000__a5_000ep00__g1,stripe_ctrl_alpha,5,100000,100000,r_tree,adaptive,100000,3,35.504951,0.0,408.201035,1.263534,444.92650199999997,445.285,7.979958676410784,0.0,91.74572275759829,0.2839871291820688
exp7_stripe__nr100000__ns100000__a5_000ep00__g1,stripe_ctrl_alpha,5,100000,100000,range_tree,adaptive,100000,3,91.308983,0.0,1239.375889,1.297554,1331.937805,1331.96,6.855348850166468,0.0,93.05058271846258,0.09741851272102003
exp7_stripe__nr100000__ns100000__a5_000ep00__g1,stripe_ctrl_alpha,5,100000,100000,rejection,adaptive,100000,3,298.825759,0.0,1308.220688,1.275614,1608.3233220000002,1619.91,18.579955591789894,0.0,81.34065272231375,0.07931328126323096
exp7_stripe__nr100000__ns100000__a5_000ep00__g1,stripe_ctrl_alpha,5,100000,100000,sirs,adaptive,100000,3,118.955775,0.0,3367.1966780000002,1.268074,3487.838709,3487.85,3.4105870404226883,0.0,96.54106622853013,0.03635701377841437
exp7_stripe__nr100000__ns100000__a5_000ep00__g1,stripe_ctrl_alpha,5,100000,100000,tlsop,adaptive,100000,3,389.912827,0.0,544.2941450000001,1.255745,935.462717,936.543,41.68127921232803,0.0,58.18448294182525,0.13423784584672013
exp7_stripe__nr100000__ns100000__a5_000ep00__g1,stripe_ctrl_alpha,5,100000,100000,tsunami,adaptive,100000,3,86.016112,0.0,5697.633935,1.270854,5784.9135320000005,5784.93,1.486904022405706,0.0,98.49125494240835,0.021968418248087995
exp7_stripe__nr100000__ns100000__a5_000ep00__g1,stripe_ctrl_alpha,5,100000,100000,aabb,sampling,100000,3,35.322966,777.296676,0.0,444.726705,1256.5039729999999,1256.51,2.811210052576571,61.86185580807552,0.0,35.39397523257971
exp7_stripe__nr100000__ns100000__a5_000ep00__g1,stripe_ctrl_alpha,5,100000,100000,interval_tree,sampling,100000,3,136.813922,395.045519,0.0,273.954499,803.125585,833.561,17.035184105111032,49.18851128369918,0.0,34.11104117670464
exp7_stripe__nr100000__ns100000__a5_000ep00__g1,stripe_ctrl_alpha,5,100000,100000,kd_tree,sampling,100000,3,95.562797,203.784939,0.0,97.009078,396.333955,396.353,24.111685560728706,51.41748175474897,0.0,24.47660029532418
exp7_stripe__nr100000__ns100000__a5_000ep00__g1,stripe_ctrl_alpha,5,100000,100000,ours,sampling,100000,3,101.851869,222.573907,0.0,149.214662,470.50312199999996,513.251,21.64743744250862,47.30551118425947,0.0,31.71385162455947
exp7_stripe__nr100000__ns100000__a5_000ep00__g1,stripe_ctrl_alpha,5,100000,100000,pbsm,sampling,100000,3,23.769299,13.80699,0.0,21.022164,58.554244999999995,58.5583,40.59363928268566,23.579827559897666,0.0,35.90203238040214
exp7_stripe__nr100000__ns100000__a5_000ep00__g1,stripe_ctrl_alpha,5,100000,100000,r_tree,sampling,100000,3,35.535102,322.38742,0.0,281.048195,640.597554,640.6,5.547180406499024,50.32604604668847,0.0,43.87281737888122
exp7_stripe__nr100000__ns100000__a5_000ep00__g1,stripe_ctrl_alpha,5,100000,100000,range_tree,sampling,100000,3,90.107367,1028.641698,0.0,807.173018,1925.917894,1925.92,4.678671260115515,53.410464755773226,0.0,41.91108149078758
exp7_stripe__nr100000__ns100000__a5_000ep00__g1,stripe_ctrl_alpha,5,100000,100000,sirs,sampling,100000,3,119.115072,2742.460631,0.0,18.059596,2879.7913790000002,2879.8,4.136239620293689,95.2312258102638,0.0,0.6271147323967317
exp7_stripe__nr100000__ns100000__a5_000ep00__g1,stripe_ctrl_alpha,5,100000,100000,tlsop,sampling,100000,3,392.581322,538.57395,0.0,546.655607,1474.9462549999998,1475.99,26.61665268610076,36.5148186365611,0.0,37.06274755075737
exp7_stripe__nr100000__ns100000__a5_000ep00__g1,stripe_ctrl_alpha,5,100000,100000,tsunami,sampling,100000,3,86.03305,5335.700726,0.0,21.30526,5443.0663970000005,5443.07,1.580598944143286,98.02747820494756,0.0,0.39142017469679596
exp7_stripe__nr100000__ns100000__a3_000ep01__g1,stripe_ctrl_alpha,30,100000,100000,aabb,adaptive,100000,3,35.503393,875.74696,252.132406,488.940313,1654.364678,1654.39,2.1460439449735405,52.93554508542282,15.240436969725971,29.554566747102662
exp7_stripe__nr100000__ns100000__a3_000ep01__g1,stripe_ctrl_alpha,30,100000,100000,interval_tree,adaptive,100000,3,137.62747,439.140909,274.664141,286.791287,1140.225847,1192.96,12.070193844676107,38.51350240440568,24.088573480653608,25.152147511351757
exp7_stripe__nr100000__ns100000__a3_000ep01__g1,stripe_ctrl_alpha,30,100000,100000,kd_tree,adaptive,100000,3,94.507891,284.581641,300.13259800000003,127.75836,807.727507,807.746,11.70046707348299,35.23238202657868,37.15765470396442,15.81701240737862
exp7_stripe__nr100000__ns100000__a3_000ep01__g1,stripe_ctrl_alpha,30,100000,100000,ours,adaptive,100000,3,102.41962,211.437598,76.253979,152.44389,542.207895,585.722,18.889363460854806,38.99566936405454,14.063605436803902,28.11539474171618
exp7_stripe__nr100000__ns100000__a3_000ep01__g1,stripe_ctrl_alpha,30,100000,100000,pbsm,adaptive,100000,3,22.652193,73.087634,12.653704,79.353969,187.6808,187.69,12.069531353233788,38.942520492240014,6.742140911590316,42.28134630713424
exp7_stripe__nr100000__ns100000__a3_000ep01__g1,stripe_ctrl_alpha,30,100000,100000,r_tree,adaptive,100000,3,35.706908,388.889265,189.262318,312.472189,926.154455,926.758,3.855394508683759,41.98967708901212,20.43528668228454,33.73866932379006
exp7_stripe__nr100000__ns100000__a3_000ep01__g1,stripe_ctrl_alpha,30,100000,100000,range_tree,adaptive,100000,3,90.382756,1123.204498,513.00759,836.405289,2563.3443230000003,2563.36,3.5259701628465145,43.81793299955356,20.01321419822381,32.62945525871125
exp7_stripe__nr100000__ns100000__a3_000ep01__g1,stripe_ctrl_alpha,30,100000,100000,rejection,adaptive,100000,3,296.187242,18.760541,14.066356,377.847241,714.173672,714.226,41.47271925756456,2.626887791517467,1.9695987896904719,52.90691267599682
exp7_stripe__nr100000__ns100000__a3_000ep01__g1,stripe_ctrl_alpha,30,100000,100000,sirs,adaptive,100000,3,121.539506,2773.361582,10.362301,40.943524,2943.192303,2943.21,4.1295129059733755,94.22971034455033,0.3520769264528754,1.391126361613076
exp7_stripe__nr100000__ns100000__a3_000ep01__g1,stripe_ctrl_alpha,30,100000,100000,tlsop,adaptive,100000,3,394.191881,585.206353,140.30194699999998,593.863539,1714.322154,1714.34,22.99403761890602,34.13631163982496,8.184106276211606,34.64130342213381
exp7_stripe__nr100000__ns100000__a3_000ep01__g1,stripe_ctrl_alpha,30,100000,100000,tsunami,adaptive,100000,3,85.918816,5325.28114,15.510128,69.35692,5496.051934,5496.07,1.5632824622431964,96.89284606385236,0.2822049024691767,1.2619407682620345
exp7_stripe__nr100000__ns100000__a3_000ep01__g1,stripe_ctrl_alpha,30,100000,100000,aabb,sampling,100000,3,35.430774,756.286742,0.0,489.454282,1278.517141,1278.52,2.7712396544239994,59.15342999691546,0.0,38.28296596924546
exp7_stripe__nr100000__ns100000__a3_000ep01__g1,stripe_ctrl_alpha,30,100000,100000,interval_tree,sampling,100000,3,136.902675,396.241486,0.0,283.481233,816.940378,851.747,16.757976308523215,48.50310948885428,0.0,34.700357655721106
exp7_stripe__nr100000__ns100000__a3_000ep01__g1,stripe_ctrl_alpha,30,100000,100000,kd_tree,sampling,100000,3,94.57516,229.223211,0.0,128.1971,452.315275,452.318,20.909123619581496,50.67775148650463,0.0,28.342421113237886
exp7_stripe__nr100000__ns100000__a3_000ep01__g1,stripe_ctrl_alpha,30,100000,100000,ours,sampling,100000,3,102.44213,222.140113,0.0,152.040389,476.701639,521.112,21.489779270509285,46.599401979400376,0.0,31.894245070971948
exp7_stripe__nr100000__ns100000__a3_000ep01__g1,stripe_ctrl_alpha,30,100000,100000,pbsm,sampling,100000,3,22.705131,69.652974,0.0,79.744459,172.068995,172.071,13.195364452497675,40.47967735268053,0.0,46.34446722955522
exp7_stripe__nr100000__ns100000__a3_000ep01__g1,stripe_ctrl_alpha,30,100000,100000,r_tree,sampling,100000,3,35.689179,346.03329,0.0,308.310753,689.408715,689.743,5.176780946263495,50.19276409930501,0.0,44.72104084149849
exp7_stripe__nr100000__ns100000__a3_000ep01__g1,stripe_ctrl_alpha,30,100000,100000,range_tree,sampling,100000,3,93.882584,1037.549746,0.0,827.727202,1957.0350869999997,1957.05,4.79718450750495,53.01641002208562,0.0,42.29495973262538
exp7_stripe__nr100000__ns100000__a3_000ep01__g1,stripe_ctrl_alpha,30,100000,100000,sirs,sampling,100000,3,118.464339,2766.344436,0.0,40.916193,2925.685119,2925.69,4.049114452907739,94.55373095466736,0.0,1.398516632370375
exp7_stripe__nr100000__ns100000__a3_000ep01__g1,stripe_ctrl_alpha,30,100000,100000,tlsop,sampling,100000,3,393.778378,582.294591,0.0,597.72301,1574.5007249999999,1575.75,25.009729862144077,36.982808693212895,0.0,37.96270147795582
exp7_stripe__nr100000__ns100000__a3_000ep01__g1,stripe_ctrl_alpha,30,100000,100000,tsunami,sampling,100000,3,85.914195,5379.217962,0.0,69.40658,5534.688553999999,5534.69,1.552285989749298,97.19097848988018,0.0,1.254028647191699
