dataset,generator,alpha,n_r,n_s,method,variant,t,rep,seed,ok,wall_ms,count_value,count_exact,used_enumeration,enum_truncated,enum_cap,adaptive_branch,adaptive_pilot_pairs,phases_json,note,config_json,gen_report_json
exp7_stripe__nr100000__ns100000__a1_000em01__g1,stripe_ctrl_alpha,0.1,100000,100000,ours,enum_sampling,100000,0,1,1,447.319,20000,1,1,0,0,,0,"{""build_active_indices_ms"":24.597324,""build_events_ms"":36.598942,""build_ranks_ms"":40.399024,""build_y_domain_ms"":14.390539,""run_build_ms"":117.052328,""run_draw_ranks_ms"":8.275473,""run_enum_pass1_count_ms"":228.363462,""run_enum_pass2_select_ms"":91.609552,""run_enum_prepare_ms"":1.516309}",,"{""dataset"":{""source"":""synthetic"",""name"":""exp7_stripe__nr100000__ns100000__a1_000em01__g1"",""dim"":2,""path_r"":"""",""path_s"":"""",""synthetic"":{""generator"":""stripe_ctrl_alpha"",""n_r"":100000,""n_s"":100000,""alpha"":0.1,""seed"":1}},""run"":{""method"":""ours"",""variant"":""enum_sampling"",""t"":100000,""seed"":1,""repeats"":3,""j_star"":1000000,""enum_cap"":0,""write_samples"":false,""verify"":false},""output"":{""out_dir"":""/home/dhy/PhD/SIGMOD-EXP/EXP-4/run/temp/exp7/enum_sparse"",""run_tag"":""exp7_enum_sparse""},""sys"":{""threads"":1},""logging"":{""level"":""INFO"",""with_timestamp"":true,""with_thread_id"":false}}","{""generator"":""stripe_ctrl_alpha"",""dataset"":""exp7_stripe__nr100000__ns100000__a1_000em01__g1"",""n_r"":100000,""n_s"":100000,""has_exact_k"":true,""k_target"":20000,""k_achieved"":20000,""alpha_target"":0.1,""alpha_achieved"":0.1,""notes"":""control_axis=1, core=[0.45,0.55], g=9.9999e-07, h=9e-06, delta=2.49998e-07, shuffle_strips=1, shuffle_r=0, k_overridden=0""}"
exp7_stripe__nr100000__ns100000__a1_000em01__g1,stripe_ctrl_alpha,0.1,100000,100000,ours,enum_sampling,100000,1,2,1,470.492,20000,1,1,0,0,,0,"{""build_active_indices_ms"":5.520208,""build_events_ms"":42.600030,""build_ranks_ms"":40.018992,""build_y_domain_ms"":14.000857,""run_build_ms"":102.525321,""run_draw_ranks_ms"":8.267113,""run_enum_pass1_count_ms"":222.268245,""run_enum_pass2_select_ms"":91.940305,""run_enum_prepare_ms"":1.535639}",,"{""dataset"":{""source"":""synthetic"",""name"":""exp7_stripe__nr100000__ns100000__a1_000em01__g1"",""dim"":2,""path_r"":"""",""path_s"":"""",""synthetic"":{""generator"":""stripe_ctrl_alpha"",""n_r"":100000,""n_s"":100000,""alpha"":0.1,""seed"":1}},""run"":{""method"":""ours"",""variant"":""enum_sampling"",""t"":100000,""seed"":1,""repeats"":3,""j_star"":1000000,""enum_cap"":0,""write_samples"":false,""verify"":false},""output"":{""out_dir"":""/home/dhy/PhD/SIGMOD-EXP/EXP-4/run/temp/exp7/enum_sparse"",""run_tag"":""exp7_enum_sparse""},""sys"":{""threads"":1},""logging"":{""level"":""INFO"",""with_timestamp"":true,""with_thread_id"":false}}","{""generator"":""stripe_ctrl_alpha"",""dataset"":""exp7_stripe__nr100000__ns100000__a1_000em01__g1"",""n_r"":100000,""n_s"":100000,""has_exact_k"":true,""k_target"":20000,""k_achieved"":20000,""alpha_target"":0.1,""alpha_achieved"":0.1,""notes"":""control_axis=1, core=[0.45,0.55], g=9.9999e-07, h=9e-06, delta=2.49998e-07, shuffle_strips=1, shuffle_r=0, k_overridden=0""}"
exp7_stripe__nr100000__ns100000__a1_000em01__g1,stripe_ctrl_alpha,0.1,100000,100000,ours,enum_sampling,100000,2,3,1,465.969,20000,1,1,0,0,,0,"{""build_active_indices_ms"":5.505569,""build_events_ms"":42.183508,""build_ranks_ms"":40.007583,""build_y_domain_ms"":14.010407,""run_build_ms"":102.093000,""run_draw_ranks_ms"":8.316682,""run_enum_pass1_count_ms"":219.504470,""run_enum_pass2_select_ms"":91.019063,""run_enum_prepare_ms"":1.539289}",,"{""dataset"":{""source"":""synthetic"",""name"":""exp7_stripe__nr100000__ns100000__a1_000em01__g1"",""dim"":2,""path_r"":"""",""path_s"":"""",""synthetic"":{""generator"":""stripe_ctrl_alpha"",""n_r"":100000,""n_s"":100000,""alpha"":0.1,""seed"":1}},""run"":{""method"":""ours"",""variant"":""enum_sampling"",""t"":100000,""seed"":1,""repeats"":3,""j_star"":1000000,""enum_cap"":0,""write_samples"":false,""verify"":false},""output"":{""out_dir"":""/home/dhy/PhD/SIGMOD-EXP/EXP-4/run/temp/exp7/enum_sparse"",""run_tag"":""exp7_enum_sparse""},""sys"":{""threads"":1},""logging"":{""level"":""INFO"",""with_timestamp"":true,""with_thread_id"":false}}","{""generator"":""stripe_ctrl_alpha"",""dataset"":""exp7_stripe__nr100000__ns100000__a1_000em01__g1"",""n_r"":100000,""n_s"":100000,""has_exact_k"":true,""k_target"":20000,""k_achieved"":20000,""alpha_target"":0.1,""alpha_achieved"":0.1,""notes"":""control_axis=1, core=[0.45,0.55], g=9.9999e-07, h=9e-06, delta=2.49998e-07, shuffle_strips=1, shuffle_r=0, k_overridden=0""}"
exp7_stripe__nr100000__ns100000__a1_000em01__g1,stripe_ctrl_alpha,0.1,100000,100000,aabb,enum_sampling,100000,0,1,1,1138.52,20000,1,1,0,0,,0,"{""build_ms"":0.000260,""enumerate_prepare_ms"":34.941615,""run_build_ms"":0.001630,""run_draw_ranks_ms"":8.270103,""run_enum_pass1_count_ms"":575.583905,""run_enum_pass2_select_ms"":519.642983,""run_enum_prepare_ms"":34.951414}",,"{""dataset"":{""source"":""synthetic"",""name"":""exp7_stripe__nr100000__ns100000__a1_000em01__g1"",""dim"":2,""path_r"":"""",""path_s"":"""",""synthetic"":{""generator"":""stripe_ctrl_alpha"",""n_r"":100000,""n_s"":100000,""alpha"":0.1,""seed"":1}},""run"":{""method"":""aabb"",""variant"":""enum_sampling"",""t"":100000,""seed"":1,""repeats"":3,""j_star"":1000000,""enum_cap"":0,""write_samples"":false,""verify"":false},""output"":{""out_dir"":""/home/dhy/PhD/SIGMOD-EXP/EXP-4/run/temp/exp7/enum_sparse"",""run_tag"":""exp7_enum_sparse""},""sys"":{""threads"":1},""logging"":{""level"":""INFO"",""with_timestamp"":true,""with_thread_id"":false}}","{""generator"":""stripe_ctrl_alpha"",""dataset"":""exp7_stripe__nr100000__ns100000__a1_000em01__g1"",""n_r"":100000,""n_s"":100000,""has_exact_k"":true,""k_target"":20000,""k_achieved"":20000,""alpha_target"":0.1,""alpha_achieved"":0.1,""notes"":""control_axis=1, core=[0.45,0.55], g=9.9999e-07, h=9e-06, delta=2.49998e-07, shuffle_strips=1, shuffle_r=0, k_overridden=0""}"
exp7_stripe__nr100000__ns100000__a1_000em01__g1,stripe_ctrl_alpha,0.1,100000,100000,aabb,enum_sampling,100000,1,2,1,1141.11,20000,1,1,0,0,,0,"{""build_ms"":0.000110,""enumerate_prepare_ms"":34.957465,""run_build_ms"":0.000870,""run_draw_ranks_ms"":8.264193,""run_enum_pass1_count_ms"":578.093664,""run_enum_pass2_select_ms"":519.724112,""run_enum_prepare_ms"":34.959235}",,"{""dataset"":{""source"":""synthetic"",""name"":""exp7_stripe__nr100000__ns100000__a1_000em01__g1"",""dim"":2,""path_r"":"""",""path_s"":"""",""synthetic"":{""generator"":""stripe_ctrl_alpha"",""n_r"":100000,""n_s"":100000,""alpha"":0.1,""seed"":1}},""run"":{""method"":""aabb"",""variant"":""enum_sampling"",""t"":100000,""seed"":1,""repeats"":3,""j_star"":1000000,""enum_cap"":0,""write_samples"":false,""verify"":false},""output"":{""out_dir"":""/home/dhy/PhD/SIGMOD-EXP/EXP-4/run/temp/exp7/enum_sparse"",""run_tag"":""exp7_enum_sparse""},""sys"":{""threads"":1},""logging"":{""level"":""INFO"",""with_timestamp"":true,""with_thread_id"":false}}","{""generator"":""stripe_ctrl_alpha"",""dataset"":""exp7_stripe__nr100000__ns100000__a1_000em01__g1"",""n_r"":100000,""n_s"":100000,""has_exact_k"":true,""k_target"":20000,""k_achieved"":20000,""alpha_target"":0.1,""alpha_achieved"":0.1,""notes"":""control_axis=1, core=[0.45,0.55], g=9.9999e-07, h=9e-06, delta=2.49998e-07, shuffle_strips=1, shuffle_r=0, k_overridden=0""}"
exp7_stripe__nr100000__ns100000__a1_000em01__g1,stripe_ctrl_alpha,0.1,100000,100000,aabb,enum_sampling,100000,2,3,1,1140.79,20000,1,1,0,0,,0,"{""build_ms"":0.000110,""enumerate_prepare_ms"":34.967614,""run_build_ms"":0.000880,""run_draw_ranks_ms"":8.304613,""run_enum_pass1_count_ms"":577.572895,""run_enum_pass2_select_ms"":519.872960,""run_enum_prepare_ms"":34.970154}",,"{""dataset"":{""source"":""synthetic"",""name"":""exp7_stripe__nr100000__ns100000__a1_000em01__g1"",""dim"":2,""path_r"":"""",""path_s"":"""",""synthetic"":{""generator"":""stripe_ctrl_alpha"",""n_r"":100000,""n_s"":100000,""alpha"":0.1,""seed"":1}},""run"":{""method"":""aabb"",""variant"":""enum_sampling"",""t"":100000,""seed"":1,""repeats"":3,""j_star"":1000000,""enum_cap"":0,""write_samples"":false,""verify"":false},""output"":{""out_dir"":""/home/dhy/PhD/SIGMOD-EXP/EXP-4/run/temp/exp7/enum_sparse"",""run_tag"":""exp7_enum_sparse""},""sys"":{""threads"":1},""logging"":{""level"":""INFO"",""with_timestamp"":true,""with_thread_id"":false}}","{""generator"":""stripe_ctrl_alpha"",""dataset"":""exp7_stripe__nr100000__ns100000__a1_000em01__g1"",""n_r"":100000,""n_s"":100000,""has_exact_k"":true,""k_target"":20000,""k_achieved"":20000,""alpha_target"":0.1,""alpha_achieved"":0.1,""notes"":""control_axis=1, core=[0.45,0.55], g=9.9999e-07, h=9e-06, delta=2.49998e-07, shuffle_strips=1, shuffle_r=0, k_overridden=0""}"
exp7_stripe__nr100000__ns100000__a1_000em01__g1,stripe_ctrl_alpha,0.1,100000,100000,interval_tree,enum_sampling,100000,0,1,1,847.404,20000,1,1,0,0,,0,"{""build_ms"":0.000120,""enumerate_prepare_ms"":165.848144,""run_build_ms"":0.000820,""run_draw_ranks_ms"":8.246213,""run_enum_pass1_count_ms"":398.007268,""run_enum_pass2_select_ms"":224.096898,""run_enum_prepare_ms"":165.850274}",,"{""dataset"":{""source"":""synthetic"",""name"":""exp7_stripe__nr100000__ns100000__a1_000em01__g1"",""dim"":2,""path_r"":"""",""path_s"":"""",""synthetic"":{""generator"":""stripe_ctrl_alpha"",""n_r"":100000,""n_s"":100000,""alpha"":0.1,""seed"":1}},""run"":{""method"":""interval_tree"",""variant"":""enum_sampling"",""t"":100000,""seed"":1,""repeats"":3,""j_star"":1000000,""enum_cap"":0,""write_samples"":false,""verify"":false},""output"":{""out_dir"":""/home/dhy/PhD/SIGMOD-EXP/EXP-4/run/temp/exp7/enum_sparse"",""run_tag"":""exp7_enum_sparse""},""sys"":{""threads"":1},""logging"":{""level"":""INFO"",""with_timestamp"":true,""with_thread_id"":false}}","{""generator"":""stripe_ctrl_alpha"",""dataset"":""exp7_stripe__nr100000__ns100000__a1_000em01__g1"",""n_r"":100000,""n_s"":100000,""has_exact_k"":true,""k_target"":20000,""k_achieved"":20000,""alpha_target"":0.1,""alpha_achieved"":0.1,""notes"":""control_axis=1, core=[0.45,0.55], g=9.9999e-07, h=9e-06, delta=2.49998e-07, shuffle_strips=1, shuffle_r=0, k_overridden=0""}"
exp7_stripe__nr100000__ns100000__a1_000em01__g1,stripe_ctrl_alpha,0.1,100000,100000,interval_tree,enum_sampling,100000,1,2,1,820.683,20000,1,1,0,0,,0,"{""build_ms"":0.000120,""enumerate_prepare_ms"":162.171317,""run_build_ms"":0.001360,""run_draw_ranks_ms"":8.263184,""run_enum_pass1_count_ms"":387.372583,""run_enum_pass2_select_ms"":216.585519,""run_enum_prepare_ms"":162.174608}",,"{""dataset"":{""source"":""synthetic"",""name"":""exp7_stripe__nr100000__ns100000__a1_000em01__g1"",""dim"":2,""path_r"":"""",""path_s"":"""",""synthetic"":{""generator"":""stripe_ctrl_alpha"",""n_r"":100000,""n_s"":100000,""alpha"":0.1,""seed"":1}},""run"":{""method"":""interval_tree"",""variant"":""enum_sampling"",""t"":100000,""seed"":1,""repeats"":3,""j_star"":1000000,""enum_cap"":0,""write_samples"":false,""verify"":false},""output"":{""out_dir"":""/home/dhy/PhD/SIGMOD-EXP/EXP-4/run/temp/exp7/enum_sparse"",""run_tag"":""exp7_enum_sparse""},""sys"":{""threads"":1},""logging"":{""level"":""INFO"",""with_timestamp"":true,""with_thread_id"":false}}","{""generator"":""stripe_ctrl_alpha"",""dataset"":""exp7_stripe__nr100000__ns100000__a1_000em01__g1"",""n_r"":100000,""n_s"":100000,""has_exact_k"":true,""k_target"":20000,""k_achieved"":20000,""alpha_target"":0.1,""alpha_achieved"":0.1,""notes"":""control_axis=1, core=[0.45,0.55], g=9.9999e-07, h=9e-06, delta=2.49998e-07, shuffle_strips=1, shuffle_r=0, k_overridden=0""}"
exp7_stripe__nr100000__ns100000__a1_000em01__g1,stripe_ctrl_alpha,0.1,100000,100000,interval_tree,enum_sampling,100000,2,3,1,799.195,20000,1,1,0,0,,0,"{""build_ms"":0.000180,""enumerate_prepare_ms"":149.226828,""run_build_ms"":0.001160,""run_draw_ranks_ms"":8.326511,""run_enum_pass1_count_ms"":386.042780,""run_enum_pass2_select_ms"":214.756867,""run_enum_prepare_ms"":149.229128}",,"{""dataset"":{""source"":""synthetic"",""name"":""exp7_stripe__nr100000__ns100000__a1_000em01__g1"",""dim"":2,""path_r"":"""",""path_s"":"""",""synthetic"":{""generator"":""stripe_ctrl_alpha"",""n_r"":100000,""n_s"":100000,""alpha"":0.1,""seed"":1}},""run"":{""method"":""interval_tree"",""variant"":""enum_sampling"",""t"":100000,""seed"":1,""repeats"":3,""j_star"":1000000,""enum_cap"":0,""write_samples"":false,""verify"":false},""output"":{""out_dir"":""/home/dhy/PhD/SIGMOD-EXP/EXP-4/run/temp/exp7/enum_sparse"",""run_tag"":""exp7_enum_sparse""},""sys"":{""threads"":1},""logging"":{""level"":""INFO"",""with_timestamp"":true,""with_thread_id"":false}}","{""generator"":""stripe_ctrl_alpha"",""dataset"":""exp7_stripe__nr100000__ns100000__a1_000em01__g1"",""n_r"":100000,""n_s"":100000,""has_exact_k"":true,""k_target"":20000,""k_achieved"":20000,""alpha_target"":0.1,""alpha_achieved"":0.1,""notes"":""control_axis=1, core=[0.45,0.55], g=9.9999e-07, h=9e-06, delta=2.49998e-07, shuffle_strips=1, shuffle_r=0, k_overridden=0""}"
exp7_stripe__nr100000__ns100000__a1_000em01__g1,stripe_ctrl_alpha,0.1,100000,100000,kd_tree,enum_sampling,100000,0,1,1,629.68,20000,1,1,0,0,,0,"{""build_ms"":0.000130,""enumerate_prepare_ms"":94.321297,""run_build_ms"":0.001150,""run_draw_ranks_ms"":8.262183,""run_enum_pass1_count_ms"":272.431213,""run_enum_pass2_select_ms"":254.585353,""run_enum_prepare_ms"":94.323897}",,"{""dataset"":{""source"":""synthetic"",""name"":""exp7_stripe__nr100000__ns100000__a1_000em01__g1"",""dim"":2,""path_r"":"""",""path_s"":"""",""synthetic"":{""generator"":""stripe_ctrl_alpha"",""n_r"":100000,""n_s"":100000,""alpha"":0.1,""seed"":1}},""run"":{""method"":""kd_tree"",""variant"":""enum_sampling"",""t"":100000,""seed"":1,""repeats"":3,""j_star"":1000000,""enum_cap"":0,""write_samples"":false,""verify"":false},""output"":{""out_dir"":""/home/dhy/PhD/SIGMOD-EXP/EXP-4/run/temp/exp7/enum_sparse"",""run_tag"":""exp7_enum_sparse""},""sys"":{""threads"":1},""logging"":{""level"":""INFO"",""with_timestamp"":true,""with_thread_id"":false}}","{""generator"":""stripe_ctrl_alpha"",""dataset"":""exp7_stripe__nr100000__ns100000__a1_000em01__g1"",""n_r"":100000,""n_s"":100000,""has_exact_k"":true,""k_target"":20000,""k_achieved"":20000,""alpha_target"":0.1,""alpha_achieved"":0.1,""notes"":""control_axis=1, core=[0.45,0.55], g=9.9999e-07, h=9e-06, delta=2.49998e-07, shuffle_strips=1, shuffle_r=0, k_overridden=0""}"
exp7_stripe__nr100000__ns100000__a1_000em01__g1,stripe_ctrl_alpha,0.1,100000,100000,kd_tree,enum_sampling,100000,1,2,1,630.687,20000,1,1,0,0,,0,"{""build_ms"":0.000110,""enumerate_prepare_ms"":95.927135,""run_build_ms"":0.000640,""run_draw_ranks_ms"":8.268324,""run_enum_pass1_count_ms"":272.080829,""run_enum_pass2_select_ms"":254.332268,""run_enum_prepare_ms"":95.929985}",,"{""dataset"":{""source"":""synthetic"",""name"":""exp7_stripe__nr100000__ns100000__a1_000em01__g1"",""dim"":2,""path_r"":"""",""path_s"":"""",""synthetic"":{""generator"":""stripe_ctrl_alpha"",""n_r"":100000,""n_s"":100000,""alpha"":0.1,""seed"":1}},""run"":{""method"":""kd_tree"",""variant"":""enum_sampling"",""t"":100000,""seed"":1,""repeats"":3,""j_star"":1000000,""enum_cap"":0,""write_samples"":false,""verify"":false},""output"":{""out_dir"":""/home/dhy/PhD/SIGMOD-EXP/EXP-4/run/temp/exp7/enum_sparse"",""run_tag"":""exp7_enum_sparse""},""sys"":{""threads"":1},""logging"":{""level"":""INFO"",""with_timestamp"":true,""with_thread_id"":false}}","{""generator"":""stripe_ctrl_alpha"",""dataset"":""exp7_stripe__nr100000__ns100000__a1_000em01__g1"",""n_r"":100000,""n_s"":100000,""has_exact_k"":true,""k_target"":20000,""k_achieved"":20000,""alpha_target"":0.1,""alpha_achieved"":0.1,""notes"":""control_axis=1, core=[0.45,0.55], g=9.9999e-07, h=9e-06, delta=2.49998e-07, shuffle_strips=1, shuffle_r=0, k_overridden=0""}"
exp7_stripe__nr100000__ns100000__a1_000em01__g1,stripe_ctrl_alpha,0.1,100000,100000,kd_tree,enum_sampling,100000,2,3,1,631.417,20000,1,1,0,0,,0,"{""build_ms"":0.000120,""enumerate_prepare_ms"":94.168090,""run_build_ms"":0.000800,""run_draw_ranks_ms"":8.323621,""run_enum_pass1_count_ms"":272.247546,""run_enum_pass2_select_ms"":256.601943,""run_enum_prepare_ms"":94.170380}",,"{""dataset"":{""source"":""synthetic"",""name"":""exp7_stripe__nr100000__ns100000__a1_000em01__g1"",""dim"":2,""path_r"":"""",""path_s"":"""",""synthetic"":{""generator"":""stripe_ctrl_alpha"",""n_r"":100000,""n_s"":100000,""alpha"":0.1,""seed"":1}},""run"":{""method"":""kd_tree"",""variant"":""enum_sampling"",""t"":100000,""seed"":1,""repeats"":3,""j_star"":1000000,""enum_cap"":0,""write_samples"":false,""verify"":false},""output"":{""out_dir"":""/home/dhy/PhD/SIGMOD-EXP/EXP-4/run/temp/exp7/enum_sparse"",""run_tag"":""exp7_enum_sparse""},""sys"":{""threads"":1},""logging"":{""level"":""INFO"",""with_timestamp"":true,""with_thread_id"":false}}","{""generator"":""stripe_ctrl_alpha"",""dataset"":""exp7_stripe__nr100000__ns100000__a1_000em01__g1"",""n_r"":100000,""n_s"":100000,""has_exact_k"":true,""k_target"":20000,""k_achieved"":20000,""alpha_target"":0.1,""alpha_achieved"":0.1,""notes"":""control_axis=1, core=[0.45,0.55], g=9.9999e-07, h=9e-06, delta=2.49998e-07, shuffle_strips=1, shuffle_r=0, k_overridden=0""}"
exp7_stripe__nr100000__ns100000__a1_000em01__g1,stripe_ctrl_alpha,0.1,100000,100000,r_tree,enum_sampling,100000,0,1,1,721.937,20000,1,1,0,0,,0,"{""build_ms"":35.300978,""enumerate_prepare_ms"":35.012833,""run_build_ms"":35.301918,""run_draw_ranks_ms"":8.275893,""run_enum_pass1_count_ms"":347.635186,""run_enum_pass2_select_ms"":295.409260,""run_enum_prepare_ms"":35.015363}",,"{""dataset"":{""source"":""synthetic"",""name"":""exp7_stripe__nr100000__ns100000__a1_000em01__g1"",""dim"":2,""path_r"":"""",""path_s"":"""",""synthetic"":{""generator"":""stripe_ctrl_alpha"",""n_r"":100000,""n_s"":100000,""alpha"":0.1,""seed"":1}},""run"":{""method"":""r_tree"",""variant"":""enum_sampling"",""t"":100000,""seed"":1,""repeats"":3,""j_star"":1000000,""enum_cap"":0,""write_samples"":false,""verify"":false},""output"":{""out_dir"":""/home/dhy/PhD/SIGMOD-EXP/EXP-4/run/temp/exp7/enum_sparse"",""run_tag"":""exp7_enum_sparse""},""sys"":{""threads"":1},""logging"":{""level"":""INFO"",""with_timestamp"":true,""with_thread_id"":false}}","{""generator"":""stripe_ctrl_alpha"",""dataset"":""exp7_stripe__nr100000__ns100000__a1_000em01__g1"",""n_r"":100000,""n_s"":100000,""has_exact_k"":true,""k_target"":20000,""k_achieved"":20000,""alpha_target"":0.1,""alpha_achieved"":0.1,""notes"":""control_axis=1, core=[0.45,0.55], g=9.9999e-07, h=9e-06, delta=2.49998e-07, shuffle_strips=1, shuffle_r=0, k_overridden=0""}"
exp7_stripe__nr100000__ns100000__a1_000em01__g1,stripe_ctrl_alpha,0.1,100000,100000,r_tree,enum_sampling,100000,1,2,1,725.482,20000,1,1,0,0,,0,"{""build_ms"":35.232459,""enumerate_prepare_ms"":35.049973,""run_build_ms"":35.234279,""run_draw_ranks_ms"":8.268244,""run_enum_pass1_count_ms"":350.470748,""run_enum_pass2_select_ms"":296.091645,""run_enum_prepare_ms"":35.051993}",,"{""dataset"":{""source"":""synthetic"",""name"":""exp7_stripe__nr100000__ns100000__a1_000em01__g1"",""dim"":2,""path_r"":"""",""path_s"":"""",""synthetic"":{""generator"":""stripe_ctrl_alpha"",""n_r"":100000,""n_s"":100000,""alpha"":0.1,""seed"":1}},""run"":{""method"":""r_tree"",""variant"":""enum_sampling"",""t"":100000,""seed"":1,""repeats"":3,""j_star"":1000000,""enum_cap"":0,""write_samples"":false,""verify"":false},""output"":{""out_dir"":""/home/dhy/PhD/SIGMOD-EXP/EXP-4/run/temp/exp7/enum_sparse"",""run_tag"":""exp7_enum_sparse""},""sys"":{""threads"":1},""logging"":{""level"":""INFO"",""with_timestamp"":true,""with_thread_id"":false}}","{""generator"":""stripe_ctrl_alpha"",""dataset"":""exp7_stripe__nr100000__ns100000__a1_000em01__g1"",""n_r"":100000,""n_s"":100000,""has_exact_k"":true,""k_target"":20000,""k_achieved"":20000,""alpha_target"":0.1,""alpha_achieved"":0.1,""notes"":""control_axis=1, core=[0.45,0.55], g=9.9999e-07, h=9e-06, delta=2.49998e-07, shuffle_strips=1, shuffle_r=0, k_overridden=0""}"
exp7_stripe__nr100000__ns100000__a1_000em01__g1,stripe_ctrl_alpha,0.1,100000,100000,r_tree,enum_sampling,100000,2,3,1,725.112,20000,1,1,0,0,,0,"{""build_ms"":35.232160,""enumerate_prepare_ms"":35.080892,""run_build_ms"":35.233330,""run_draw_ranks_ms"":8.298893,""run_enum_pass1_count_ms"":350.363430,""run_enum_pass2_select_ms"":295.768822,""run_enum_prepare_ms"":35.083222}",,"{""dataset"":{""source"":""synthetic"",""name"":""exp7_stripe__nr100000__ns100000__a1_000em01__g1"",""dim"":2,""path_r"":"""",""path_s"":"""",""synthetic"":{""generator"":""stripe_ctrl_alpha"",""n_r"":100000,""n_s"":100000,""alpha"":0.1,""seed"":1}},""run"":{""method"":""r_tree"",""variant"":""enum_sampling"",""t"":100000,""seed"":1,""repeats"":3,""j_star"":1000000,""enum_cap"":0,""write_samples"":false,""verify"":false},""output"":{""out_dir"":""/home/dhy/PhD/SIGMOD-EXP/EXP-4/run/temp/exp7/enum_sparse"",""run_tag"":""exp7_enum_sparse""},""sys"":{""threads"":1},""logging"":{""level"":""INFO"",""with_timestamp"":true,""with_thread_id"":false}}","{""generator"":""stripe_ctrl_alpha"",""dataset"":""exp7_stripe__nr100000__ns100000__a1_000em01__g1"",""n_r"":100000,""n_s"":100000,""has_exact_k"":true,""k_target"":20000,""k_achieved"":20000,""alpha_target"":0.1,""alpha_achieved"":0.1,""notes"":""control_axis=1, core=[0.45,0.55], g=9.9999e-07, h=9e-06, delta=2.49998e-07, shuffle_strips=1, shuffle_r=0, k_overridden=0""}"
exp7_stripe__nr100000__ns100000__a1_000em01__g1,stripe_ctrl_alpha,0.1,100000,100000,range_tree,enum_sampling,100000,0,1,1,1923.54,20000,1,1,0,0,,0,"{""build_ms"":0.000120,""enumerate_prepare_ms"":91.239629,""run_build_ms"":0.000720,""run_draw_ranks_ms"":8.261063,""run_enum_pass1_count_ms"":1086.060526,""run_enum_pass2_select_ms"":737.893641,""run_enum_prepare_ms"":91.243149}",,"{""dataset"":{""source"":""synthetic"",""name"":""exp7_stripe__nr100000__ns100000__a1_000em01__g1"",""dim"":2,""path_r"":"""",""path_s"":"""",""synthetic"":{""generator"":""stripe_ctrl_alpha"",""n_r"":100000,""n_s"":100000,""alpha"":0.1,""seed"":1}},""run"":{""method"":""range_tree"",""variant"":""enum_sampling"",""t"":100000,""seed"":1,""repeats"":3,""j_star"":1000000,""enum_cap"":0,""write_samples"":false,""verify"":false},""output"":{""out_dir"":""/home/dhy/PhD/SIGMOD-EXP/EXP-4/run/temp/exp7/enum_sparse"",""run_tag"":""exp7_enum_sparse""},""sys"":{""threads"":1},""logging"":{""level"":""INFO"",""with_timestamp"":true,""with_thread_id"":false}}","{""generator"":""stripe_ctrl_alpha"",""dataset"":""exp7_stripe__nr100000__ns100000__a1_000em01__g1"",""n_r"":100000,""n_s"":100000,""has_exact_k"":true,""k_target"":20000,""k_achieved"":20000,""alpha_target"":0.1,""alpha_achieved"":0.1,""notes"":""control_axis=1, core=[0.45,0.55], g=9.9999e-07, h=9e-06, delta=2.49998e-07, shuffle_strips=1, shuffle_r=0, k_overridden=0""}"
exp7_stripe__nr100000__ns100000__a1_000em01__g1,stripe_ctrl_alpha,0.1,100000,100000,range_tree,enum_sampling,100000,1,2,1,1925.79,20000,1,1,0,0,,0,"{""build_ms"":0.000120,""enumerate_prepare_ms"":90.990505,""run_build_ms"":0.000870,""run_draw_ranks_ms"":8.258183,""run_enum_pass1_count_ms"":1086.910949,""run_enum_pass2_select_ms"":739.551498,""run_enum_prepare_ms"":90.993575}",,"{""dataset"":{""source"":""synthetic"",""name"":""exp7_stripe__nr100000__ns100000__a1_000em01__g1"",""dim"":2,""path_r"":"""",""path_s"":"""",""synthetic"":{""generator"":""stripe_ctrl_alpha"",""n_r"":100000,""n_s"":100000,""alpha"":0.1,""seed"":1}},""run"":{""method"":""range_tree"",""variant"":""enum_sampling"",""t"":100000,""seed"":1,""repeats"":3,""j_star"":1000000,""enum_cap"":0,""write_samples"":false,""verify"":false},""output"":{""out_dir"":""/home/dhy/PhD/SIGMOD-EXP/EXP-4/run/temp/exp7/enum_sparse"",""run_tag"":""exp7_enum_sparse""},""sys"":{""threads"":1},""logging"":{""level"":""INFO"",""with_timestamp"":true,""with_thread_id"":false}}","{""generator"":""stripe_ctrl_alpha"",""dataset"":""exp7_stripe__nr100000__ns100000__a1_000em01__g1"",""n_r"":100000,""n_s"":100000,""has_exact_k"":true,""k_target"":20000,""k_achieved"":20000,""alpha_target"":0.1,""alpha_achieved"":0.1,""notes"":""control_axis=1, core=[0.45,0.55], g=9.9999e-07, h=9e-06, delta=2.49998e-07, shuffle_strips=1, shuffle_r=0, k_overridden=0""}"
exp7_stripe__nr100000__ns100000__a1_000em01__g1,stripe_ctrl_alpha,0.1,100000,100000,range_tree,enum_sampling,100000,2,3,1,1924.57,20000,1,1,0,0,,0,"{""build_ms"":0.000130,""enumerate_prepare_ms"":91.105981,""run_build_ms"":0.000690,""run_draw_ranks_ms"":8.296843,""run_enum_pass1_count_ms"":1086.039287,""run_enum_pass2_select_ms"":739.048648,""run_enum_prepare_ms"":91.109321}",,"{""dataset"":{""source"":""synthetic"",""name"":""exp7_stripe__nr100000__ns100000__a1_000em01__g1"",""dim"":2,""path_r"":"""",""path_s"":"""",""synthetic"":{""generator"":""stripe_ctrl_alpha"",""n_r"":100000,""n_s"":100000,""alpha"":0.1,""seed"":1}},""run"":{""method"":""range_tree"",""variant"":""enum_sampling"",""t"":100000,""seed"":1,""repeats"":3,""j_star"":1000000,""enum_cap"":0,""write_samples"":false,""verify"":false},""output"":{""out_dir"":""/home/dhy/PhD/SIGMOD-EXP/EXP-4/run/temp/exp7/enum_sparse"",""run_tag"":""exp7_enum_sparse""},""sys"":{""threads"":1},""logging"":{""level"":""INFO"",""with_timestamp"":true,""with_thread_id"":false}}","{""generator"":""stripe_ctrl_alpha"",""dataset"":""exp7_stripe__nr100000__ns100000__a1_000em01__g1"",""n_r"":100000,""n_s"":100000,""has_exact_k"":true,""k_target"":20000,""k_achieved"":20000,""alpha_target"":0.1,""alpha_achieved"":0.1,""notes"":""control_axis=1, core=[0.45,0.55], g=9.9999e-07, h=9e-06, delta=2.49998e-07, shuffle_strips=1, shuffle_r=0, k_overridden=0""}"
exp7_stripe__nr100000__ns100000__a1_000em01__g1,stripe_ctrl_alpha,0.1,100000,100000,pbsm,enum_sampling,100000,0,1,1,37.1747,20000,1,1,0,0,,0,"{""build_ms"":22.957676,""enumerate_prepare_ms"":0.000160,""pbsm_build_ms"":22.957226,""pbsm_partitions_stripes_ms"":22.445847,""run_build_ms"":22.958196,""run_draw_ranks_ms"":8.271123,""run_enum_pass1_count_ms"":2.876902,""run_enum_pass2_select_ms"":3.004139,""run_enum_prepare_ms"":0.000800}",,"{""dataset"":{""source"":""synthetic"",""name"":""exp7_stripe__nr100000__ns100000__a1_000em01__g1"",""dim"":2,""path_r"":"""",""path_s"":"""",""synthetic"":{""generator"":""stripe_ctrl_alpha"",""n_r"":100000,""n_s"":100000,""alpha"":0.1,""seed"":1}},""run"":{""method"":""pbsm"",""variant"":""enum_sampling"",""t"":100000,""seed"":1,""repeats"":3,""j_star"":1000000,""enum_cap"":0,""write_samples"":false,""verify"":false},""output"":{""out_dir"":""/home/dhy/PhD/SIGMOD-EXP/EXP-4/run/temp/exp7/enum_sparse"",""run_tag"":""exp7_enum_sparse""},""sys"":{""threads"":1},""logging"":{""level"":""INFO"",""with_timestamp"":true,""with_thread_id"":false}}","{""generator"":""stripe_ctrl_alpha"",""dataset"":""exp7_stripe__nr100000__ns100000__a1_000em01__g1"",""n_r"":100000,""n_s"":100000,""has_exact_k"":true,""k_target"":20000,""k_achieved"":20000,""alpha_target"":0.1,""alpha_achieved"":0.1,""notes"":""control_axis=1, core=[0.45,0.55], g=9.9999e-07, h=9e-06, delta=2.49998e-07, shuffle_strips=1, shuffle_r=0, k_overridden=0""}"
exp7_stripe__nr100000__ns100000__a1_000em01__g1,stripe_ctrl_alpha,0.1,100000,100000,pbsm,enum_sampling,100000,1,2,1,36.9021,20000,1,1,0,0,,0,"{""build_ms"":22.743530,""enumerate_prepare_ms"":0.000220,""pbsm_build_ms"":22.743172,""pbsm_partitions_stripes_ms"":22.403647,""run_build_ms"":22.743950,""run_draw_ranks_ms"":8.251164,""run_enum_pass1_count_ms"":2.779093,""run_enum_pass2_select_ms"":3.075218,""run_enum_prepare_ms"":0.000500}",,"{""dataset"":{""source"":""synthetic"",""name"":""exp7_stripe__nr100000__ns100000__a1_000em01__g1"",""dim"":2,""path_r"":"""",""path_s"":"""",""synthetic"":{""generator"":""stripe_ctrl_alpha"",""n_r"":100000,""n_s"":100000,""alpha"":0.1,""seed"":1}},""run"":{""method"":""pbsm"",""variant"":""enum_sampling"",""t"":100000,""seed"":1,""repeats"":3,""j_star"":1000000,""enum_cap"":0,""write_samples"":false,""verify"":false},""output"":{""out_dir"":""/home/dhy/PhD/SIGMOD-EXP/EXP-4/run/temp/exp7/enum_sparse"",""run_tag"":""exp7_enum_sparse""},""sys"":{""threads"":1},""logging"":{""level"":""INFO"",""with_timestamp"":true,""with_thread_id"":false}}","{""generator"":""stripe_ctrl_alpha"",""dataset"":""exp7_stripe__nr100000__ns100000__a1_000em01__g1"",""n_r"":100000,""n_s"":100000,""has_exact_k"":true,""k_target"":20000,""k_achieved"":20000,""alpha_target"":0.1,""alpha_achieved"":0.1,""notes"":""control_axis=1, core=[0.45,0.55], g=9.9999e-07, h=9e-06, delta=2.49998e-07, shuffle_strips=1, shuffle_r=0, k_overridden=0""}"
exp7_stripe__nr100000__ns100000__a1_000em01__g1,stripe_ctrl_alpha,0.1,100000,100000,pbsm,enum_sampling,100000,2,3,1,36.8794,20000,1,1,0,0,,0,"{""build_ms"":22.750401,""enumerate_prepare_ms"":0.000069,""pbsm_build_ms"":22.749870,""pbsm_partitions_stripes_ms"":22.410037,""run_build_ms"":22.750781,""run_draw_ranks_ms"":8.303612,""run_enum_pass1_count_ms"":2.793113,""run_enum_pass2_select_ms"":2.977930,""run_enum_prepare_ms"":0.000520}",,"{""dataset"":{""source"":""synthetic"",""name"":""exp7_stripe__nr100000__ns100000__a1_000em01__g1"",""dim"":2,""path_r"":"""",""path_s"":"""",""synthetic"":{""generator"":""stripe_ctrl_alpha"",""n_r"":100000,""n_s"":100000,""alpha"":0.1,""seed"":1}},""run"":{""method"":""pbsm"",""variant"":""enum_sampling"",""t"":100000,""seed"":1,""repeats"":3,""j_star"":1000000,""enum_cap"":0,""write_samples"":false,""verify"":false},""output"":{""out_dir"":""/home/dhy/PhD/SIGMOD-EXP/EXP-4/run/temp/exp7/enum_sparse"",""run_tag"":""exp7_enum_sparse""},""sys"":{""threads"":1},""logging"":{""level"":""INFO"",""with_timestamp"":true,""with_thread_id"":false}}","{""generator"":""stripe_ctrl_alpha"",""dataset"":""exp7_stripe__nr100000__ns100000__a1_000em01__g1"",""n_r"":100000,""n_s"":100000,""has_exact_k"":true,""k_target"":20000,""k_achieved"":20000,""alpha_target"":0.1,""alpha_achieved"":0.1,""notes"":""control_axis=1, core=[0.45,0.55], g=9.9999e-07, h=9e-06, delta=2.49998e-07, shuffle_strips=1, shuffle_r=0, k_overridden=0""}"
exp7_stripe__nr100000__ns100000__a1_000em01__g1,stripe_ctrl_alpha,0.1,100000,100000,tlsop,enum_sampling,100000,0,1,1,1428.7,20000,1,1,0,0,,0,"{""build_ms"":388.294576,""enumerate_prepare_ms"":0.021449,""run_build_ms"":388.295256,""run_draw_ranks_ms"":8.257423,""run_enum_pass1_count_ms"":532.449197,""run_enum_pass2_select_ms"":499.599290,""run_enum_prepare_ms"":0.022349,""tlsop_alloc_tiles_ms"":0.058339,""tlsop_build_ms"":388.293586,""tlsop_build_edges_ms"":0.000630,""tlsop_pass1_count_caps_ms"":13.755942,""tlsop_pass1_reserve_ms"":1.305734,""tlsop_pass2_fill_ms"":31.839287,""tlsop_sort_lists_ms"":341.321863}",,"{""dataset"":{""source"":""synthetic"",""name"":""exp7_stripe__nr100000__ns100000__a1_000em01__g1"",""dim"":2,""path_r"":"""",""path_s"":"""",""synthetic"":{""generator"":""stripe_ctrl_alpha"",""n_r"":100000,""n_s"":100000,""alpha"":0.1,""seed"":1}},""run"":{""method"":""tlsop"",""variant"":""enum_sampling"",""t"":100000,""seed"":1,""repeats"":3,""j_star"":1000000,""enum_cap"":0,""write_samples"":false,""verify"":false},""output"":{""out_dir"":""/home/dhy/PhD/SIGMOD-EXP/EXP-4/run/temp/exp7/enum_sparse"",""run_tag"":""exp7_enum_sparse""},""sys"":{""threads"":1},""logging"":{""level"":""INFO"",""with_timestamp"":true,""with_thread_id"":false}}","{""generator"":""stripe_ctrl_alpha"",""dataset"":""exp7_stripe__nr100000__ns100000__a1_000em01__g1"",""n_r"":100000,""n_s"":100000,""has_exact_k"":true,""k_target"":20000,""k_achieved"":20000,""alpha_target"":0.1,""alpha_achieved"":0.1,""notes"":""control_axis=1, core=[0.45,0.55], g=9.9999e-07, h=9e-06, delta=2.49998e-07, shuffle_strips=1, shuffle_r=0, k_overridden=0""}"
exp7_stripe__nr100000__ns100000__a1_000em01__g1,stripe_ctrl_alpha,0.1,100000,100000,tlsop,enum_sampling,100000,1,2,1,1418.54,20000,1,1,0,0,,0,"{""build_ms"":388.357434,""enumerate_prepare_ms"":0.020730,""run_build_ms"":388.358364,""run_draw_ranks_ms"":8.266884,""run_enum_pass1_count_ms"":527.391369,""run_enum_pass2_select_ms"":493.494953,""run_enum_prepare_ms"":0.021940,""tlsop_alloc_tiles_ms"":0.062689,""tlsop_build_ms"":388.356804,""tlsop_build_edges_ms"":0.000740,""tlsop_pass1_count_caps_ms"":13.697724,""tlsop_pass1_reserve_ms"":1.306374,""tlsop_pass2_fill_ms"":31.799638,""tlsop_sort_lists_ms"":341.468070}",,"{""dataset"":{""source"":""synthetic"",""name"":""exp7_stripe__nr100000__ns100000__a1_000em01__g1"",""dim"":2,""path_r"":"""",""path_s"":"""",""synthetic"":{""generator"":""stripe_ctrl_alpha"",""n_r"":100000,""n_s"":100000,""alpha"":0.1,""seed"":1}},""run"":{""method"":""tlsop"",""variant"":""enum_sampling"",""t"":100000,""seed"":1,""repeats"":3,""j_star"":1000000,""enum_cap"":0,""write_samples"":false,""verify"":false},""output"":{""out_dir"":""/home/dhy/PhD/SIGMOD-EXP/EXP-4/run/temp/exp7/enum_sparse"",""run_tag"":""exp7_enum_sparse""},""sys"":{""threads"":1},""logging"":{""level"":""INFO"",""with_timestamp"":true,""with_thread_id"":false}}","{""generator"":""stripe_ctrl_alpha"",""dataset"":""exp7_stripe__nr100000__ns100000__a1_000em01__g1"",""n_r"":100000,""n_s"":100000,""has_exact_k"":true,""k_target"":20000,""k_achieved"":20000,""alpha_target"":0.1,""alpha_achieved"":0.1,""notes"":""control_axis=1, core=[0.45,0.55], g=9.9999e-07, h=9e-06, delta=2.49998e-07, shuffle_strips=1, shuffle_r=0, k_overridden=0""}"
exp7_stripe__nr100000__ns100000__a1_000em01__g1,stripe_ctrl_alpha,0.1,100000,100000,tlsop,enum_sampling,100000,2,3,1,1420.1,20000,1,1,0,0,,0,"{""build_ms"":390.029171,""enumerate_prepare_ms"":0.020159,""run_build_ms"":390.030131,""run_draw_ranks_ms"":8.297943,""run_enum_pass1_count_ms"":525.622465,""run_enum_pass2_select_ms"":495.096650,""run_enum_prepare_ms"":0.021219,""tlsop_alloc_tiles_ms"":0.062379,""tlsop_build_ms"":390.028561,""tlsop_build_edges_ms"":0.000890,""tlsop_pass1_count_caps_ms"":15.372970,""tlsop_pass1_reserve_ms"":1.307323,""tlsop_pass2_fill_ms"":31.858577,""tlsop_sort_lists_ms"":341.404383}",,"{""dataset"":{""source"":""synthetic"",""name"":""exp7_stripe__nr100000__ns100000__a1_000em01__g1"",""dim"":2,""path_r"":"""",""path_s"":"""",""synthetic"":{""generator"":""stripe_ctrl_alpha"",""n_r"":100000,""n_s"":100000,""alpha"":0.1,""seed"":1}},""run"":{""method"":""tlsop"",""variant"":""enum_sampling"",""t"":100000,""seed"":1,""repeats"":3,""j_star"":1000000,""enum_cap"":0,""write_samples"":false,""verify"":false},""output"":{""out_dir"":""/home/dhy/PhD/SIGMOD-EXP/EXP-4/run/temp/exp7/enum_sparse"",""run_tag"":""exp7_enum_sparse""},""sys"":{""threads"":1},""logging"":{""level"":""INFO"",""with_timestamp"":true,""with_thread_id"":false}}","{""generator"":""stripe_ctrl_alpha"",""dataset"":""exp7_stripe__nr100000__ns100000__a1_000em01__g1"",""n_r"":100000,""n_s"":100000,""has_exact_k"":true,""k_target"":20000,""k_achieved"":20000,""alpha_target"":0.1,""alpha_achieved"":0.1,""notes"":""control_axis=1, core=[0.45,0.55], g=9.9999e-07, h=9e-06, delta=2.49998e-07, shuffle_strips=1, shuffle_r=0, k_overridden=0""}"
exp7_stripe__nr100000__ns100000__a1_000em01__g1,stripe_ctrl_alpha,0.1,100000,100000,sirs,enum_sampling,100000,0,1,1,3478.15,20000,1,1,0,0,,0,"{""build_ms"":119.208325,""run_build_ms"":119.209045,""run_draw_ranks_ms"":8.257543,""run_enum_pass1_count_ms"":3349.453723,""run_enum_pass2_select_ms"":1.163967,""run_enum_prepare_ms"":0.000860,""sirs_build_index_ms"":119.207685,""sirs_build_kd_ms"":11.432949,""sirs_embed_inner_ms"":53.290415,""sirs_rank_axes_ms"":54.475451}",,"{""dataset"":{""source"":""synthetic"",""name"":""exp7_stripe__nr100000__ns100000__a1_000em01__g1"",""dim"":2,""path_r"":"""",""path_s"":"""",""synthetic"":{""generator"":""stripe_ctrl_alpha"",""n_r"":100000,""n_s"":100000,""alpha"":0.1,""seed"":1}},""run"":{""method"":""sirs"",""variant"":""enum_sampling"",""t"":100000,""seed"":1,""repeats"":3,""j_star"":1000000,""enum_cap"":0,""write_samples"":false,""verify"":false},""output"":{""out_dir"":""/home/dhy/PhD/SIGMOD-EXP/EXP-4/run/temp/exp7/enum_sparse"",""run_tag"":""exp7_enum_sparse""},""sys"":{""threads"":1},""logging"":{""level"":""INFO"",""with_timestamp"":true,""with_thread_id"":false}}","{""generator"":""stripe_ctrl_alpha"",""dataset"":""exp7_stripe__nr100000__ns100000__a1_000em01__g1"",""n_r"":100000,""n_s"":100000,""has_exact_k"":true,""k_target"":20000,""k_achieved"":20000,""alpha_target"":0.1,""alpha_achieved"":0.1,""notes"":""control_axis=1, core=[0.45,0.55], g=9.9999e-07, h=9e-06, delta=2.49998e-07, shuffle_strips=1, shuffle_r=0, k_overridden=0""}"
exp7_stripe__nr100000__ns100000__a1_000em01__g1,stripe_ctrl_alpha,0.1,100000,100000,sirs,enum_sampling,100000,1,2,1,3478.3,20000,1,1,0,0,,0,"{""build_ms"":118.811073,""run_build_ms"":118.811823,""run_draw_ranks_ms"":8.268864,""run_enum_pass1_count_ms"":3349.985674,""run_enum_pass2_select_ms"":1.160467,""run_enum_prepare_ms"":0.000480,""sirs_build_index_ms"":118.810523,""sirs_build_kd_ms"":11.431810,""sirs_embed_inner_ms"":53.267995,""sirs_rank_axes_ms"":54.103558}",,"{""dataset"":{""source"":""synthetic"",""name"":""exp7_stripe__nr100000__ns100000__a1_000em01__g1"",""dim"":2,""path_r"":"""",""path_s"":"""",""synthetic"":{""generator"":""stripe_ctrl_alpha"",""n_r"":100000,""n_s"":100000,""alpha"":0.1,""seed"":1}},""run"":{""method"":""sirs"",""variant"":""enum_sampling"",""t"":100000,""seed"":1,""repeats"":3,""j_star"":1000000,""enum_cap"":0,""write_samples"":false,""verify"":false},""output"":{""out_dir"":""/home/dhy/PhD/SIGMOD-EXP/EXP-4/run/temp/exp7/enum_sparse"",""run_tag"":""exp7_enum_sparse""},""sys"":{""threads"":1},""logging"":{""level"":""INFO"",""with_timestamp"":true,""with_thread_id"":false}}","{""generator"":""stripe_ctrl_alpha"",""dataset"":""exp7_stripe__nr100000__ns100000__a1_000em01__g1"",""n_r"":100000,""n_s"":100000,""has_exact_k"":true,""k_target"":20000,""k_achieved"":20000,""alpha_target"":0.1,""alpha_achieved"":0.1,""notes"":""control_axis=1, core=[0.45,0.55], g=9.9999e-07, h=9e-06, delta=2.49998e-07, shuffle_strips=1, shuffle_r=0, k_overridden=0""}"
exp7_stripe__nr100000__ns100000__a1_000em01__g1,stripe_ctrl_alpha,0.1,100000,100000,sirs,enum_sampling,100000,2,3,1,3476.78,20000,1,1,0,0,,0,"{""build_ms"":118.799693,""run_build_ms"":118.800213,""run_draw_ranks_ms"":8.296182,""run_enum_pass1_count_ms"":3348.504867,""run_enum_pass2_select_ms"":1.107327,""run_enum_prepare_ms"":0.000470,""sirs_build_index_ms"":118.799123,""sirs_build_kd_ms"":11.425280,""sirs_embed_inner_ms"":53.273556,""sirs_rank_axes_ms"":54.093048}",,"{""dataset"":{""source"":""synthetic"",""name"":""exp7_stripe__nr100000__ns100000__a1_000em01__g1"",""dim"":2,""path_r"":"""",""path_s"":"""",""synthetic"":{""generator"":""stripe_ctrl_alpha"",""n_r"":100000,""n_s"":100000,""alpha"":0.1,""seed"":1}},""run"":{""method"":""sirs"",""variant"":""enum_sampling"",""t"":100000,""seed"":1,""repeats"":3,""j_star"":1000000,""enum_cap"":0,""write_samples"":false,""verify"":false},""output"":{""out_dir"":""/home/dhy/PhD/SIGMOD-EXP/EXP-4/run/temp/exp7/enum_sparse"",""run_tag"":""exp7_enum_sparse""},""sys"":{""threads"":1},""logging"":{""level"":""INFO"",""with_timestamp"":true,""with_thread_id"":false}}","{""generator"":""stripe_ctrl_alpha"",""dataset"":""exp7_stripe__nr100000__ns100000__a1_000em01__g1"",""n_r"":100000,""n_s"":100000,""has_exact_k"":true,""k_target"":20000,""k_achieved"":20000,""alpha_target"":0.1,""alpha_achieved"":0.1,""notes"":""control_axis=1, core=[0.45,0.55], g=9.9999e-07, h=9e-06, delta=2.49998e-07, shuffle_strips=1, shuffle_r=0, k_overridden=0""}"
exp7_stripe__nr100000__ns100000__a1_000em01__g1,stripe_ctrl_alpha,0.1,100000,100000,rejection,enum_sampling,100000,0,1,1,1589.02,20000,1,1,0,0,,0,"{""build_ms"":304.827721,""build_M_ms"":0.108868,""build_cellmap_ms"":22.114114,""build_mu_alias_ms"":282.523401,""build_slab_index_ms"":0.072479,""run_build_ms"":304.828960,""run_draw_ranks_ms"":8.253013,""run_enum_pass1_count_ms"":1274.958410,""run_enum_pass2_select_ms"":0.906732,""run_enum_prepare_ms"":0.005540}",,"{""dataset"":{""source"":""synthetic"",""name"":""exp7_stripe__nr100000__ns100000__a1_000em01__g1"",""dim"":2,""path_r"":"""",""path_s"":"""",""synthetic"":{""generator"":""stripe_ctrl_alpha"",""n_r"":100000,""n_s"":100000,""alpha"":0.1,""seed"":1}},""run"":{""method"":""rejection"",""variant"":""enum_sampling"",""t"":100000,""seed"":1,""repeats"":3,""j_star"":1000000,""enum_cap"":0,""write_samples"":false,""verify"":false},""output"":{""out_dir"":""/home/dhy/PhD/SIGMOD-EXP/EXP-4/run/temp/exp7/enum_sparse"",""run_tag"":""exp7_enum_sparse""},""sys"":{""threads"":1},""logging"":{""level"":""INFO"",""with_timestamp"":true,""with_thread_id"":false}}","{""generator"":""stripe_ctrl_alpha"",""dataset"":""exp7_stripe__nr100000__ns100000__a1_000em01__g1"",""n_r"":100000,""n_s"":100000,""has_exact_k"":true,""k_target"":20000,""k_achieved"":20000,""alpha_target"":0.1,""alpha_achieved"":0.1,""notes"":""control_axis=1, core=[0.45,0.55], g=9.9999e-07, h=9e-06, delta=2.49998e-07, shuffle_strips=1, shuffle_r=0, k_overridden=0""}"
exp7_stripe__nr100000__ns100000__a1_000em01__g1,stripe_ctrl_alpha,0.1,100000,100000,rejection,enum_sampling,100000,1,2,1,1596.76,20000,1,1,0,0,,0,"{""build_ms"":303.970008,""build_M_ms"":0.108008,""build_cellmap_ms"":20.199713,""build_mu_alias_ms"":283.580580,""build_slab_index_ms"":0.069508,""run_build_ms"":304.010037,""run_draw_ranks_ms"":8.279373,""run_enum_pass1_count_ms"":1272.334003,""run_enum_pass2_select_ms"":0.931882,""run_enum_prepare_ms"":0.006059}",,"{""dataset"":{""source"":""synthetic"",""name"":""exp7_stripe__nr100000__ns100000__a1_000em01__g1"",""dim"":2,""path_r"":"""",""path_s"":"""",""synthetic"":{""generator"":""stripe_ctrl_alpha"",""n_r"":100000,""n_s"":100000,""alpha"":0.1,""seed"":1}},""run"":{""method"":""rejection"",""variant"":""enum_sampling"",""t"":100000,""seed"":1,""repeats"":3,""j_star"":1000000,""enum_cap"":0,""write_samples"":false,""verify"":false},""output"":{""out_dir"":""/home/dhy/PhD/SIGMOD-EXP/EXP-4/run/temp/exp7/enum_sparse"",""run_tag"":""exp7_enum_sparse""},""sys"":{""threads"":1},""logging"":{""level"":""INFO"",""with_timestamp"":true,""with_thread_id"":false}}","{""generator"":""stripe_ctrl_alpha"",""dataset"":""exp7_stripe__nr100000__ns100000__a1_000em01__g1"",""n_r"":100000,""n_s"":100000,""has_exact_k"":true,""k_target"":20000,""k_achieved"":20000,""alpha_target"":0.1,""alpha_achieved"":0.1,""notes"":""control_axis=1, core=[0.45,0.55], g=9.9999e-07, h=9e-06, delta=2.49998e-07, shuffle_strips=1, shuffle_r=0, k_overridden=0""}"
exp7_stripe__nr100000__ns100000__a1_000em01__g1,stripe_ctrl_alpha,0.1,100000,100000,rejection,enum_sampling,100000,2,3,1,1604.16,20000,1,1,0,0,,0,"{""build_ms"":306.758282,""build_M_ms"":0.107538,""build_cellmap_ms"":22.017716,""build_mu_alias_ms"":284.551570,""build_slab_index_ms"":0.070538,""run_build_ms"":306.800191,""run_draw_ranks_ms"":8.307732,""run_enum_pass1_count_ms"":1278.492769,""run_enum_pass2_select_ms"":0.910222,""run_enum_prepare_ms"":0.006850}",,"{""dataset"":{""source"":""synthetic"",""name"":""exp7_stripe__nr100000__ns100000__a1_000em01__g1"",""dim"":2,""path_r"":"""",""path_s"":"""",""synthetic"":{""generator"":""stripe_ctrl_alpha"",""n_r"":100000,""n_s"":100000,""alpha"":0.1,""seed"":1}},""run"":{""method"":""rejection"",""variant"":""enum_sampling"",""t"":100000,""seed"":1,""repeats"":3,""j_star"":1000000,""enum_cap"":0,""write_samples"":false,""verify"":false},""output"":{""out_dir"":""/home/dhy/PhD/SIGMOD-EXP/EXP-4/run/temp/exp7/enum_sparse"",""run_tag"":""exp7_enum_sparse""},""sys"":{""threads"":1},""logging"":{""level"":""INFO"",""with_timestamp"":true,""with_thread_id"":false}}","{""generator"":""stripe_ctrl_alpha"",""dataset"":""exp7_stripe__nr100000__ns100000__a1_000em01__g1"",""n_r"":100000,""n_s"":100000,""has_exact_k"":true,""k_target"":20000,""k_achieved"":20000,""alpha_target"":0.1,""alpha_achieved"":0.1,""notes"":""control_axis=1, core=[0.45,0.55], g=9.9999e-07, h=9e-06, delta=2.49998e-07, shuffle_strips=1, shuffle_r=0, k_overridden=0""}"
exp7_stripe__nr100000__ns100000__a1_000em01__g1,stripe_ctrl_alpha,0.1,100000,100000,tsunami,enum_sampling,100000,0,1,1,5768.75,20000,1,1,0,0,,0,"{""build_ms"":85.985776,""enumerate_prepare_ms"":0.000120,""run_build_ms"":85.987156,""run_draw_ranks_ms"":8.264233,""run_enum_pass1_count_ms"":5672.698528,""run_enum_pass2_select_ms"":1.719925,""run_enum_prepare_ms"":0.000970,""tsunami_build_ms"":85.984886,""tsunami_build_index_ms"":27.018416,""tsunami_build_points_ms"":0.273325,""tsunami_build_query_order_ms"":0.942361,""tsunami_build_rank_encoding_ms"":29.468265,""tsunami_build_workload_queries_ms"":28.276629}",,"{""dataset"":{""source"":""synthetic"",""name"":""exp7_stripe__nr100000__ns100000__a1_000em01__g1"",""dim"":2,""path_r"":"""",""path_s"":"""",""synthetic"":{""generator"":""stripe_ctrl_alpha"",""n_r"":100000,""n_s"":100000,""alpha"":0.1,""seed"":1}},""run"":{""method"":""tsunami"",""variant"":""enum_sampling"",""t"":100000,""seed"":1,""repeats"":3,""j_star"":1000000,""enum_cap"":0,""write_samples"":false,""verify"":false},""output"":{""out_dir"":""/home/dhy/PhD/SIGMOD-EXP/EXP-4/run/temp/exp7/enum_sparse"",""run_tag"":""exp7_enum_sparse""},""sys"":{""threads"":1},""logging"":{""level"":""INFO"",""with_timestamp"":true,""with_thread_id"":false}}","{""generator"":""stripe_ctrl_alpha"",""dataset"":""exp7_stripe__nr100000__ns100000__a1_000em01__g1"",""n_r"":100000,""n_s"":100000,""has_exact_k"":true,""k_target"":20000,""k_achieved"":20000,""alpha_target"":0.1,""alpha_achieved"":0.1,""notes"":""control_axis=1, core=[0.45,0.55], g=9.9999e-07, h=9e-06, delta=2.49998e-07, shuffle_strips=1, shuffle_r=0, k_overridden=0""}"
exp7_stripe__nr100000__ns100000__a1_000em01__g1,stripe_ctrl_alpha,0.1,100000,100000,tsunami,enum_sampling,100000,1,2,1,5771.24,20000,1,1,0,0,,0,"{""build_ms"":85.952936,""enumerate_prepare_ms"":0.000230,""run_build_ms"":85.953657,""run_draw_ranks_ms"":8.268953,""run_enum_pass1_count_ms"":5675.260912,""run_enum_pass2_select_ms"":1.681956,""run_enum_prepare_ms"":0.000870,""tsunami_build_ms"":85.952047,""tsunami_build_index_ms"":26.965596,""tsunami_build_points_ms"":0.274684,""tsunami_build_query_order_ms"":0.932352,""tsunami_build_rank_encoding_ms"":29.506505,""tsunami_build_workload_queries_ms"":28.267380}",,"{""dataset"":{""source"":""synthetic"",""name"":""exp7_stripe__nr100000__ns100000__a1_000em01__g1"",""dim"":2,""path_r"":"""",""path_s"":"""",""synthetic"":{""generator"":""stripe_ctrl_alpha"",""n_r"":100000,""n_s"":100000,""alpha"":0.1,""seed"":1}},""run"":{""method"":""tsunami"",""variant"":""enum_sampling"",""t"":100000,""seed"":1,""repeats"":3,""j_star"":1000000,""enum_cap"":0,""write_samples"":false,""verify"":false},""output"":{""out_dir"":""/home/dhy/PhD/SIGMOD-EXP/EXP-4/run/temp/exp7/enum_sparse"",""run_tag"":""exp7_enum_sparse""},""sys"":{""threads"":1},""logging"":{""level"":""INFO"",""with_timestamp"":true,""with_thread_id"":false}}","{""generator"":""stripe_ctrl_alpha"",""dataset"":""exp7_stripe__nr100000__ns100000__a1_000em01__g1"",""n_r"":100000,""n_s"":100000,""has_exact_k"":true,""k_target"":20000,""k_achieved"":20000,""alpha_target"":0.1,""alpha_achieved"":0.1,""notes"":""control_axis=1, core=[0.45,0.55], g=9.9999e-07, h=9e-06, delta=2.49998e-07, shuffle_strips=1, shuffle_r=0, k_overridden=0""}"
exp7_stripe__nr100000__ns100000__a1_000em01__g1,stripe_ctrl_alpha,0.1,100000,100000,tsunami,enum_sampling,100000,2,3,1,5766.2,20000,1,1,0,0,,0,"{""build_ms"":86.667382,""enumerate_prepare_ms"":0.000150,""run_build_ms"":86.668082,""run_draw_ranks_ms"":8.312512,""run_enum_pass1_count_ms"":5669.438466,""run_enum_pass2_select_ms"":1.702955,""run_enum_prepare_ms"":0.000710,""tsunami_build_ms"":86.666621,""tsunami_build_index_ms"":26.953276,""tsunami_build_points_ms"":0.286314,""tsunami_build_query_order_ms"":0.936452,""tsunami_build_rank_encoding_ms"":29.487425,""tsunami_build_workload_queries_ms"":28.998275}",,"{""dataset"":{""source"":""synthetic"",""name"":""exp7_stripe__nr100000__ns100000__a1_000em01__g1"",""dim"":2,""path_r"":"""",""path_s"":"""",""synthetic"":{""generator"":""stripe_ctrl_alpha"",""n_r"":100000,""n_s"":100000,""alpha"":0.1,""seed"":1}},""run"":{""method"":""tsunami"",""variant"":""enum_sampling"",""t"":100000,""seed"":1,""repeats"":3,""j_star"":1000000,""enum_cap"":0,""write_samples"":false,""verify"":false},""output"":{""out_dir"":""/home/dhy/PhD/SIGMOD-EXP/EXP-4/run/temp/exp7/enum_sparse"",""run_tag"":""exp7_enum_sparse""},""sys"":{""threads"":1},""logging"":{""level"":""INFO"",""with_timestamp"":true,""with_thread_id"":false}}","{""generator"":""stripe_ctrl_alpha"",""dataset"":""exp7_stripe__nr100000__ns100000__a1_000em01__g1"",""n_r"":100000,""n_s"":100000,""has_exact_k"":true,""k_target"":20000,""k_achieved"":20000,""alpha_target"":0.1,""alpha_achieved"":0.1,""notes"":""control_axis=1, core=[0.45,0.55], g=9.9999e-07, h=9e-06, delta=2.49998e-07, shuffle_strips=1, shuffle_r=0, k_overridden=0""}"
