dataset,generator,alpha,n_r,n_s,method,variant,t,repeats,ok_rate,wall_mean_ms,wall_stdev_ms,wall_median_ms,wall_p95_ms,count_mean,count_stdev,exact_frac,note
exp7_stripe__nr100000__ns100000__a1_000em01__g1,stripe_ctrl_alpha,0.1,100000,100000,ours,sampling,100000,3,1,503.306,14.3383,507.696,514.211,20000,0,1,
exp7_stripe__nr100000__ns100000__a1_000em01__g1,stripe_ctrl_alpha,0.1,100000,100000,ours,adaptive,100000,3,1,355.602,21.0061,366.208,368.893,20000,0,1,
exp7_stripe__nr100000__ns100000__a1_000em01__g1,stripe_ctrl_alpha,0.1,100000,100000,aabb,sampling,100000,3,1,675.854,0.977339,675.74,676.769,20000,0,1,
exp7_stripe__nr100000__ns100000__a1_000em01__g1,stripe_ctrl_alpha,0.1,100000,100000,aabb,adaptive,100000,3,1,640.241,2.93639,639.373,643.1,20000,0,1,
exp7_stripe__nr100000__ns100000__a1_000em01__g1,stripe_ctrl_alpha,0.1,100000,100000,interval_tree,sampling,100000,3,1,814.775,13.6068,821.766,823.294,20000,0,1,
exp7_stripe__nr100000__ns100000__a1_000em01__g1,stripe_ctrl_alpha,0.1,100000,100000,interval_tree,adaptive,100000,3,1,720.46,25.2133,709.694,745.312,20000,0,1,
exp7_stripe__nr100000__ns100000__a1_000em01__g1,stripe_ctrl_alpha,0.1,100000,100000,kd_tree,sampling,100000,3,1,334.48,1.99173,333.398,336.44,20000,0,1,
exp7_stripe__nr100000__ns100000__a1_000em01__g1,stripe_ctrl_alpha,0.1,100000,100000,kd_tree,adaptive,100000,3,1,462.9,1.6446,463.48,464.107,20000,0,1,
exp7_stripe__nr100000__ns100000__a1_000em01__g1,stripe_ctrl_alpha,0.1,100000,100000,r_tree,sampling,100000,3,1,597.49,0.888905,597.889,598.088,20000,0,1,
exp7_stripe__nr100000__ns100000__a1_000em01__g1,stripe_ctrl_alpha,0.1,100000,100000,r_tree,adaptive,100000,3,1,421.1,1.34158,421.819,421.917,20000,0,1,
exp7_stripe__nr100000__ns100000__a1_000em01__g1,stripe_ctrl_alpha,0.1,100000,100000,range_tree,sampling,100000,3,1,1801.53,2.3399,1801.77,1803.55,20000,0,1,
exp7_stripe__nr100000__ns100000__a1_000em01__g1,stripe_ctrl_alpha,0.1,100000,100000,range_tree,adaptive,100000,3,1,1266.13,2.43662,1264.77,1268.53,20000,0,1,
exp7_stripe__nr100000__ns100000__a1_000em01__g1,stripe_ctrl_alpha,0.1,100000,100000,pbsm,sampling,100000,3,1,35.4705,0.324004,35.3511,35.7887,20000,0,1,
exp7_stripe__nr100000__ns100000__a1_000em01__g1,stripe_ctrl_alpha,0.1,100000,100000,pbsm,adaptive,100000,3,1,25.7964,0.048681,25.7969,25.84,20000,0,1,
exp7_stripe__nr100000__ns100000__a1_000em01__g1,stripe_ctrl_alpha,0.1,100000,100000,tlsop,sampling,100000,3,1,1419.83,1.73194,1420.73,1420.9,20000,0,1,
exp7_stripe__nr100000__ns100000__a1_000em01__g1,stripe_ctrl_alpha,0.1,100000,100000,tlsop,adaptive,100000,3,1,919.403,0.663433,919.312,920.028,20000,0,1,
exp7_stripe__nr100000__ns100000__a1_000em01__g1,stripe_ctrl_alpha,0.1,100000,100000,sirs,sampling,100000,3,1,2886.11,0.252785,2886.02,2886.36,20000,0,1,
exp7_stripe__nr100000__ns100000__a1_000em01__g1,stripe_ctrl_alpha,0.1,100000,100000,sirs,adaptive,100000,3,1,3465.26,1.02846,3464.96,3466.26,20000,0,1,
exp7_stripe__nr100000__ns100000__a1_000em01__g1,stripe_ctrl_alpha,0.1,100000,100000,rejection,sampling,100000,3,0,-1,-1,-1,-1,-1,-1,0,SKIPPED: rejection+sampling is disabled in sjs_sweep; use variant=adaptive.
exp7_stripe__nr100000__ns100000__a1_000em01__g1,stripe_ctrl_alpha,0.1,100000,100000,rejection,adaptive,100000,3,1,1583.7,9.87536,1584.2,1592.4,20000,0,1,
exp7_stripe__nr100000__ns100000__a1_000em01__g1,stripe_ctrl_alpha,0.1,100000,100000,tsunami,sampling,100000,3,1,5476.79,1.20728,5476.28,5477.98,20000,0,1,
exp7_stripe__nr100000__ns100000__a1_000em01__g1,stripe_ctrl_alpha,0.1,100000,100000,tsunami,adaptive,100000,3,1,5794.11,5.96481,5796.72,5798.17,20000,0,1,
exp7_stripe__nr100000__ns100000__a3_000ep00__g1,stripe_ctrl_alpha,3,100000,100000,ours,sampling,100000,3,1,500.181,29.8303,512.749,520.778,600000,0,1,
exp7_stripe__nr100000__ns100000__a3_000ep00__g1,stripe_ctrl_alpha,3,100000,100000,ours,adaptive,100000,3,1,362.697,29.2893,379.096,380.011,600000,0,1,
exp7_stripe__nr100000__ns100000__a3_000ep00__g1,stripe_ctrl_alpha,3,100000,100000,aabb,sampling,100000,3,1,846.84,1.51896,846.69,848.255,600000,0,1,
exp7_stripe__nr100000__ns100000__a3_000ep00__g1,stripe_ctrl_alpha,3,100000,100000,aabb,adaptive,100000,3,1,715.977,1.46771,716.622,716.973,600000,0,1,
exp7_stripe__nr100000__ns100000__a3_000ep00__g1,stripe_ctrl_alpha,3,100000,100000,interval_tree,sampling,100000,3,1,824.687,19.7176,834.694,837.124,600000,0,1,
exp7_stripe__nr100000__ns100000__a3_000ep00__g1,stripe_ctrl_alpha,3,100000,100000,interval_tree,adaptive,100000,3,1,728.35,3.43929,726.581,731.74,600000,0,1,
exp7_stripe__nr100000__ns100000__a3_000ep00__g1,stripe_ctrl_alpha,3,100000,100000,kd_tree,sampling,100000,3,1,398.538,2.52759,398.494,400.827,600000,0,1,
exp7_stripe__nr100000__ns100000__a3_000ep00__g1,stripe_ctrl_alpha,3,100000,100000,kd_tree,adaptive,100000,3,1,498.348,1.8767,499.129,499.65,600000,0,1,
exp7_stripe__nr100000__ns100000__a3_000ep00__g1,stripe_ctrl_alpha,3,100000,100000,r_tree,sampling,100000,3,1,634.203,2.64905,634.259,636.567,600000,0,1,
exp7_stripe__nr100000__ns100000__a3_000ep00__g1,stripe_ctrl_alpha,3,100000,100000,r_tree,adaptive,100000,3,1,439.996,1.22795,439.645,441.19,600000,0,1,
exp7_stripe__nr100000__ns100000__a3_000ep00__g1,stripe_ctrl_alpha,3,100000,100000,range_tree,sampling,100000,3,1,1919.3,2.07285,1918.37,1921.35,600000,0,1,
exp7_stripe__nr100000__ns100000__a3_000ep00__g1,stripe_ctrl_alpha,3,100000,100000,range_tree,adaptive,100000,3,1,1313.19,2.30257,1312.7,1315.4,600000,0,1,
exp7_stripe__nr100000__ns100000__a3_000ep00__g1,stripe_ctrl_alpha,3,100000,100000,pbsm,sampling,100000,3,1,48.3558,0.124038,48.3462,48.4705,600000,0,1,
exp7_stripe__nr100000__ns100000__a3_000ep00__g1,stripe_ctrl_alpha,3,100000,100000,pbsm,adaptive,100000,3,1,33.2775,0.0546184,33.2736,33.3279,600000,0,1,
exp7_stripe__nr100000__ns100000__a3_000ep00__g1,stripe_ctrl_alpha,3,100000,100000,tlsop,sampling,100000,3,1,1454.49,6.81689,1450.65,1461.19,600000,0,1,
exp7_stripe__nr100000__ns100000__a3_000ep00__g1,stripe_ctrl_alpha,3,100000,100000,tlsop,adaptive,100000,3,1,929.378,1.82462,928.838,931.154,600000,0,1,
exp7_stripe__nr100000__ns100000__a3_000ep00__g1,stripe_ctrl_alpha,3,100000,100000,sirs,sampling,100000,3,1,2885.37,0.707215,2885.15,2886.06,600000,0,1,
exp7_stripe__nr100000__ns100000__a3_000ep00__g1,stripe_ctrl_alpha,3,100000,100000,sirs,adaptive,100000,3,1,3477.65,1.53731,3477.34,3479.12,600000,0,1,
exp7_stripe__nr100000__ns100000__a3_000ep00__g1,stripe_ctrl_alpha,3,100000,100000,rejection,sampling,100000,3,0,-1,-1,-1,-1,-1,-1,0,SKIPPED: rejection+sampling is disabled in sjs_sweep; use variant=adaptive.
exp7_stripe__nr100000__ns100000__a3_000ep00__g1,stripe_ctrl_alpha,3,100000,100000,rejection,adaptive,100000,3,1,1599.47,12.4854,1605.3,1607.7,600000,0,1,
exp7_stripe__nr100000__ns100000__a3_000ep00__g1,stripe_ctrl_alpha,3,100000,100000,tsunami,sampling,100000,3,1,5433.98,1.17116,5433.66,5435.11,600000,0,1,
exp7_stripe__nr100000__ns100000__a3_000ep00__g1,stripe_ctrl_alpha,3,100000,100000,tsunami,adaptive,100000,3,1,5764.75,13.1236,5767.31,5775.49,600000,0,1,
exp7_stripe__nr100000__ns100000__a5_000ep00__g1,stripe_ctrl_alpha,5,100000,100000,ours,sampling,100000,3,1,498.883,27.6624,513.251,516.089,1e+06,0,1,
exp7_stripe__nr100000__ns100000__a5_000ep00__g1,stripe_ctrl_alpha,5,100000,100000,ours,adaptive,100000,3,1,367.668,30.2012,383.799,386.12,1e+06,0,1,
exp7_stripe__nr100000__ns100000__a5_000ep00__g1,stripe_ctrl_alpha,5,100000,100000,aabb,sampling,100000,3,1,1256.55,1.0242,1256.51,1257.48,1e+06,0,1,
exp7_stripe__nr100000__ns100000__a5_000ep00__g1,stripe_ctrl_alpha,5,100000,100000,aabb,adaptive,100000,3,1,1039.02,6.1832,1037.23,1045.04,1e+06,0,1,
exp7_stripe__nr100000__ns100000__a5_000ep00__g1,stripe_ctrl_alpha,5,100000,100000,interval_tree,sampling,100000,3,1,827.611,22.1156,833.561,844.884,1e+06,0,1,
exp7_stripe__nr100000__ns100000__a5_000ep00__g1,stripe_ctrl_alpha,5,100000,100000,interval_tree,adaptive,100000,3,1,726.534,6.89859,727.993,732.127,1e+06,0,1,
exp7_stripe__nr100000__ns100000__a5_000ep00__g1,stripe_ctrl_alpha,5,100000,100000,kd_tree,sampling,100000,3,1,395.504,1.90307,396.353,396.786,1e+06,0,1,
exp7_stripe__nr100000__ns100000__a5_000ep00__g1,stripe_ctrl_alpha,5,100000,100000,kd_tree,adaptive,100000,3,1,503.952,2.54011,502.711,506.457,1e+06,0,1,
exp7_stripe__nr100000__ns100000__a5_000ep00__g1,stripe_ctrl_alpha,5,100000,100000,r_tree,sampling,100000,3,1,640.561,1.78784,640.6,642.156,1e+06,0,1,
exp7_stripe__nr100000__ns100000__a5_000ep00__g1,stripe_ctrl_alpha,5,100000,100000,r_tree,adaptive,100000,3,1,446.231,1.86904,445.285,448.074,1e+06,0,1,
exp7_stripe__nr100000__ns100000__a5_000ep00__g1,stripe_ctrl_alpha,5,100000,100000,range_tree,sampling,100000,3,1,1927.2,2.33824,1925.92,1929.5,1e+06,0,1,
exp7_stripe__nr100000__ns100000__a5_000ep00__g1,stripe_ctrl_alpha,5,100000,100000,range_tree,adaptive,100000,3,1,1334.04,4.76083,1331.96,1338.74,1e+06,0,1,
exp7_stripe__nr100000__ns100000__a5_000ep00__g1,stripe_ctrl_alpha,5,100000,100000,pbsm,sampling,100000,3,1,58.5988,0.176448,58.5583,58.7686,1e+06,0,1,
exp7_stripe__nr100000__ns100000__a5_000ep00__g1,stripe_ctrl_alpha,5,100000,100000,pbsm,adaptive,100000,3,1,38.4457,0.110237,38.4059,38.5538,1e+06,0,1,
exp7_stripe__nr100000__ns100000__a5_000ep00__g1,stripe_ctrl_alpha,5,100000,100000,tlsop,sampling,100000,3,1,1477.1,3.16795,1475.99,1480.21,1e+06,0,1,
exp7_stripe__nr100000__ns100000__a5_000ep00__g1,stripe_ctrl_alpha,5,100000,100000,tlsop,adaptive,100000,3,1,935.305,3.24968,936.543,937.633,1e+06,0,1,
exp7_stripe__nr100000__ns100000__a5_000ep00__g1,stripe_ctrl_alpha,5,100000,100000,sirs,sampling,100000,3,1,2880.21,0.812134,2879.8,2881.01,1e+06,0,1,
exp7_stripe__nr100000__ns100000__a5_000ep00__g1,stripe_ctrl_alpha,5,100000,100000,sirs,adaptive,100000,3,1,3488.68,2.15523,3487.85,3490.8,1e+06,0,1,
exp7_stripe__nr100000__ns100000__a5_000ep00__g1,stripe_ctrl_alpha,5,100000,100000,rejection,sampling,100000,3,0,-1,-1,-1,-1,-1,-1,0,SKIPPED: rejection+sampling is disabled in sjs_sweep; use variant=adaptive.
exp7_stripe__nr100000__ns100000__a5_000ep00__g1,stripe_ctrl_alpha,5,100000,100000,rejection,adaptive,100000,3,1,1614.46,20.4606,1619.91,1630.47,1e+06,0,1,
exp7_stripe__nr100000__ns100000__a5_000ep00__g1,stripe_ctrl_alpha,5,100000,100000,tsunami,sampling,100000,3,1,5442.7,1.50462,5443.07,5443.89,1e+06,0,1,
exp7_stripe__nr100000__ns100000__a5_000ep00__g1,stripe_ctrl_alpha,5,100000,100000,tsunami,adaptive,100000,3,1,5780.57,12.9092,5784.93,5790.16,1e+06,0,1,
exp7_stripe__nr100000__ns100000__a3_000ep01__g1,stripe_ctrl_alpha,30,100000,100000,ours,sampling,100000,3,1,504.498,31.2934,521.112,523.693,6e+06,0,1,
exp7_stripe__nr100000__ns100000__a3_000ep01__g1,stripe_ctrl_alpha,30,100000,100000,ours,adaptive,100000,3,1,571.622,27.7168,585.722,589.08,6e+06,0,1,
exp7_stripe__nr100000__ns100000__a3_000ep01__g1,stripe_ctrl_alpha,30,100000,100000,aabb,sampling,100000,3,1,1280.87,4.17936,1278.52,1284.98,6e+06,0,1,
exp7_stripe__nr100000__ns100000__a3_000ep01__g1,stripe_ctrl_alpha,30,100000,100000,aabb,adaptive,100000,3,1,1653.58,2.20976,1654.39,1655.18,6e+06,0,1,
exp7_stripe__nr100000__ns100000__a3_000ep01__g1,stripe_ctrl_alpha,30,100000,100000,interval_tree,sampling,100000,3,1,842.931,22.891,851.747,859.268,6e+06,0,1,
exp7_stripe__nr100000__ns100000__a3_000ep01__g1,stripe_ctrl_alpha,30,100000,100000,interval_tree,adaptive,100000,3,1,1186.05,15.9792,1192.96,1196.96,6e+06,0,1,
exp7_stripe__nr100000__ns100000__a3_000ep01__g1,stripe_ctrl_alpha,30,100000,100000,kd_tree,sampling,100000,3,1,453.153,2.29248,452.318,455.403,6e+06,0,1,
exp7_stripe__nr100000__ns100000__a3_000ep01__g1,stripe_ctrl_alpha,30,100000,100000,kd_tree,adaptive,100000,3,1,807.126,1.54765,807.746,808.215,6e+06,0,1,
exp7_stripe__nr100000__ns100000__a3_000ep01__g1,stripe_ctrl_alpha,30,100000,100000,r_tree,sampling,100000,3,1,690.023,1.31763,689.743,691.286,6e+06,0,1,
exp7_stripe__nr100000__ns100000__a3_000ep01__g1,stripe_ctrl_alpha,30,100000,100000,r_tree,adaptive,100000,3,1,924.797,3.695,926.758,927.065,6e+06,0,1,
exp7_stripe__nr100000__ns100000__a3_000ep01__g1,stripe_ctrl_alpha,30,100000,100000,range_tree,sampling,100000,3,1,1957.36,3.26668,1957.05,1960.4,6e+06,0,1,
exp7_stripe__nr100000__ns100000__a3_000ep01__g1,stripe_ctrl_alpha,30,100000,100000,range_tree,adaptive,100000,3,1,2562.19,3.39018,2563.36,2564.69,6e+06,0,1,
exp7_stripe__nr100000__ns100000__a3_000ep01__g1,stripe_ctrl_alpha,30,100000,100000,pbsm,sampling,100000,3,1,172.172,0.264036,172.071,172.432,6e+06,0,1,
exp7_stripe__nr100000__ns100000__a3_000ep01__g1,stripe_ctrl_alpha,30,100000,100000,pbsm,adaptive,100000,3,1,188.9,2.10779,187.69,190.969,6e+06,0,1,
exp7_stripe__nr100000__ns100000__a3_000ep01__g1,stripe_ctrl_alpha,30,100000,100000,tlsop,sampling,100000,3,1,1576.17,2.63596,1575.75,1578.67,6e+06,0,1,
exp7_stripe__nr100000__ns100000__a3_000ep01__g1,stripe_ctrl_alpha,30,100000,100000,tlsop,adaptive,100000,3,1,1716.6,6.74611,1714.34,1723.2,6e+06,0,1,
exp7_stripe__nr100000__ns100000__a3_000ep01__g1,stripe_ctrl_alpha,30,100000,100000,sirs,sampling,100000,3,1,2924.43,2.72991,2925.69,2926.24,6e+06,0,1,
exp7_stripe__nr100000__ns100000__a3_000ep01__g1,stripe_ctrl_alpha,30,100000,100000,sirs,adaptive,100000,3,1,2944.14,2.63587,2943.21,2946.72,6e+06,0,1,
exp7_stripe__nr100000__ns100000__a3_000ep01__g1,stripe_ctrl_alpha,30,100000,100000,rejection,sampling,100000,3,0,-1,-1,-1,-1,-1,-1,0,SKIPPED: rejection+sampling is disabled in sjs_sweep; use variant=adaptive.
exp7_stripe__nr100000__ns100000__a3_000ep01__g1,stripe_ctrl_alpha,30,100000,100000,rejection,adaptive,100000,3,1,719.833,9.75019,714.226,729.405,5.88134e+06,45957.3,0,
exp7_stripe__nr100000__ns100000__a3_000ep01__g1,stripe_ctrl_alpha,30,100000,100000,tsunami,sampling,100000,3,1,5532.88,4.20141,5534.69,5535.75,6e+06,0,1,
exp7_stripe__nr100000__ns100000__a3_000ep01__g1,stripe_ctrl_alpha,30,100000,100000,tsunami,adaptive,100000,3,1,5496.69,3.14372,5496.07,5499.69,6e+06,0,1,
