run_id,regime,alpha,t,repeats,seed,gen_seed,N,method,variant,exit_code,rss_kb,enum_truncated_any,run_csv
20251228_165406,alpha100,100,100000,5,1,1,50000,ours,sampling,0,99684,0,/home/dhy/PhD/SIGMOD-EXP/EXP-4/run/temp/exp4/alpha100/alpha100_t100000/N50000/ours/sampling/run.csv
20251228_165406,alpha100,100,100000,5,1,1,50000,ours,enum_sampling,0,97568,0,/home/dhy/PhD/SIGMOD-EXP/EXP-4/run/temp/exp4/alpha100/alpha100_t100000/N50000/ours/enum_sampling/run.csv
20251228_165406,alpha100,100,100000,5,1,1,50000,ours,adaptive,0,112344,1,/home/dhy/PhD/SIGMOD-EXP/EXP-4/run/temp/exp4/alpha100/alpha100_t100000/N50000/ours/adaptive/run.csv
20251228_165406,alpha100,100,100000,5,1,1,50000,aabb,sampling,0,33492,0,/home/dhy/PhD/SIGMOD-EXP/EXP-4/run/temp/exp4/alpha100/alpha100_t100000/N50000/aabb/sampling/run.csv
20251228_165406,alpha100,100,100000,5,1,1,50000,aabb,enum_sampling,0,34804,0,/home/dhy/PhD/SIGMOD-EXP/EXP-4/run/temp/exp4/alpha100/alpha100_t100000/N50000/aabb/enum_sampling/run.csv
20251228_165406,alpha100,100,100000,5,1,1,50000,aabb,adaptive,0,64324,1,/home/dhy/PhD/SIGMOD-EXP/EXP-4/run/temp/exp4/alpha100/alpha100_t100000/N50000/aabb/adaptive/run.csv
20251228_165406,alpha100,100,100000,5,1,1,50000,interval_tree,sampling,0,150832,0,/home/dhy/PhD/SIGMOD-EXP/EXP-4/run/temp/exp4/alpha100/alpha100_t100000/N50000/interval_tree/sampling/run.csv
20251228_165406,alpha100,100,100000,5,1,1,50000,interval_tree,enum_sampling,0,145328,0,/home/dhy/PhD/SIGMOD-EXP/EXP-4/run/temp/exp4/alpha100/alpha100_t100000/N50000/interval_tree/enum_sampling/run.csv
20251228_165406,alpha100,100,100000,5,1,1,50000,interval_tree,adaptive,0,300100,1,/home/dhy/PhD/SIGMOD-EXP/EXP-4/run/temp/exp4/alpha100/alpha100_t100000/N50000/interval_tree/adaptive/run.csv
20251228_165406,alpha100,100,100000,5,1,1,50000,kd_tree,sampling,0,30176,0,/home/dhy/PhD/SIGMOD-EXP/EXP-4/run/temp/exp4/alpha100/alpha100_t100000/N50000/kd_tree/sampling/run.csv
20251228_165406,alpha100,100,100000,5,1,1,50000,kd_tree,enum_sampling,0,31448,0,/home/dhy/PhD/SIGMOD-EXP/EXP-4/run/temp/exp4/alpha100/alpha100_t100000/N50000/kd_tree/enum_sampling/run.csv
20251228_165406,alpha100,100,100000,5,1,1,50000,kd_tree,adaptive,0,57532,1,/home/dhy/PhD/SIGMOD-EXP/EXP-4/run/temp/exp4/alpha100/alpha100_t100000/N50000/kd_tree/adaptive/run.csv
20251228_165406,alpha100,100,100000,5,1,1,50000,r_tree,sampling,0,30052,0,/home/dhy/PhD/SIGMOD-EXP/EXP-4/run/temp/exp4/alpha100/alpha100_t100000/N50000/r_tree/sampling/run.csv
20251228_165406,alpha100,100,100000,5,1,1,50000,r_tree,enum_sampling,0,36356,0,/home/dhy/PhD/SIGMOD-EXP/EXP-4/run/temp/exp4/alpha100/alpha100_t100000/N50000/r_tree/enum_sampling/run.csv
20251228_165406,alpha100,100,100000,5,1,1,50000,r_tree,adaptive,0,62580,1,/home/dhy/PhD/SIGMOD-EXP/EXP-4/run/temp/exp4/alpha100/alpha100_t100000/N50000/r_tree/adaptive/run.csv
20251228_165406,alpha100,100,100000,5,1,1,50000,range_tree,sampling,0,44120,0,/home/dhy/PhD/SIGMOD-EXP/EXP-4/run/temp/exp4/alpha100/alpha100_t100000/N50000/range_tree/sampling/run.csv
20251228_165406,alpha100,100,100000,5,1,1,50000,range_tree,enum_sampling,0,47332,0,/home/dhy/PhD/SIGMOD-EXP/EXP-4/run/temp/exp4/alpha100/alpha100_t100000/N50000/range_tree/enum_sampling/run.csv
20251228_165406,alpha100,100,100000,5,1,1,50000,range_tree,adaptive,0,94556,1,/home/dhy/PhD/SIGMOD-EXP/EXP-4/run/temp/exp4/alpha100/alpha100_t100000/N50000/range_tree/adaptive/run.csv
20251228_165406,alpha100,100,100000,5,1,1,50000,pbsm,sampling,0,10796,0,/home/dhy/PhD/SIGMOD-EXP/EXP-4/run/temp/exp4/alpha100/alpha100_t100000/N50000/pbsm/sampling/run.csv
20251228_165406,alpha100,100,100000,5,1,1,50000,pbsm,enum_sampling,0,10660,0,/home/dhy/PhD/SIGMOD-EXP/EXP-4/run/temp/exp4/alpha100/alpha100_t100000/N50000/pbsm/enum_sampling/run.csv
20251228_165406,alpha100,100,100000,5,1,1,50000,pbsm,adaptive,0,24152,1,/home/dhy/PhD/SIGMOD-EXP/EXP-4/run/temp/exp4/alpha100/alpha100_t100000/N50000/pbsm/adaptive/run.csv
20251228_165406,alpha100,100,100000,5,1,1,50000,tlsop,sampling,0,27576,0,/home/dhy/PhD/SIGMOD-EXP/EXP-4/run/temp/exp4/alpha100/alpha100_t100000/N50000/tlsop/sampling/run.csv
20251228_165406,alpha100,100,100000,5,1,1,50000,tlsop,enum_sampling,0,27628,0,/home/dhy/PhD/SIGMOD-EXP/EXP-4/run/temp/exp4/alpha100/alpha100_t100000/N50000/tlsop/enum_sampling/run.csv
20251228_165406,alpha100,100,100000,5,1,1,50000,tlsop,adaptive,0,41080,1,/home/dhy/PhD/SIGMOD-EXP/EXP-4/run/temp/exp4/alpha100/alpha100_t100000/N50000/tlsop/adaptive/run.csv
20251228_165406,alpha100,100,100000,5,1,1,50000,sirs,sampling,0,15204,0,/home/dhy/PhD/SIGMOD-EXP/EXP-4/run/temp/exp4/alpha100/alpha100_t100000/N50000/sirs/sampling/run.csv
20251228_165406,alpha100,100,100000,5,1,1,50000,sirs,enum_sampling,0,14228,0,/home/dhy/PhD/SIGMOD-EXP/EXP-4/run/temp/exp4/alpha100/alpha100_t100000/N50000/sirs/enum_sampling/run.csv
20251228_165406,alpha100,100,100000,5,1,1,50000,sirs,adaptive,0,38392,1,/home/dhy/PhD/SIGMOD-EXP/EXP-4/run/temp/exp4/alpha100/alpha100_t100000/N50000/sirs/adaptive/run.csv
20251228_165406,alpha100,100,100000,5,1,1,50000,rejection,sampling,0,56840,0,/home/dhy/PhD/SIGMOD-EXP/EXP-4/run/temp/exp4/alpha100/alpha100_t100000/N50000/rejection/sampling/run.csv
20251228_165406,alpha100,100,100000,5,1,1,50000,rejection,enum_sampling,0,58060,0,/home/dhy/PhD/SIGMOD-EXP/EXP-4/run/temp/exp4/alpha100/alpha100_t100000/N50000/rejection/enum_sampling/run.csv
20251228_165406,alpha100,100,100000,5,1,1,50000,rejection,adaptive,0,83160,1,/home/dhy/PhD/SIGMOD-EXP/EXP-4/run/temp/exp4/alpha100/alpha100_t100000/N50000/rejection/adaptive/run.csv
20251228_165406,alpha100,100,100000,5,1,1,50000,tsunami,sampling,0,21720,0,/home/dhy/PhD/SIGMOD-EXP/EXP-4/run/temp/exp4/alpha100/alpha100_t100000/N50000/tsunami/sampling/run.csv
20251228_165406,alpha100,100,100000,5,1,1,50000,tsunami,enum_sampling,0,21308,0,/home/dhy/PhD/SIGMOD-EXP/EXP-4/run/temp/exp4/alpha100/alpha100_t100000/N50000/tsunami/enum_sampling/run.csv
20251228_165406,alpha100,100,100000,5,1,1,50000,tsunami,adaptive,0,43196,1,/home/dhy/PhD/SIGMOD-EXP/EXP-4/run/temp/exp4/alpha100/alpha100_t100000/N50000/tsunami/adaptive/run.csv
20251228_165406,alpha100,100,100000,5,1,1,100000,ours,sampling,0,198624,0,/home/dhy/PhD/SIGMOD-EXP/EXP-4/run/temp/exp4/alpha100/alpha100_t100000/N100000/ours/sampling/run.csv
20251228_165406,alpha100,100,100000,5,1,1,100000,ours,enum_sampling,0,188116,0,/home/dhy/PhD/SIGMOD-EXP/EXP-4/run/temp/exp4/alpha100/alpha100_t100000/N100000/ours/enum_sampling/run.csv
20251228_165406,alpha100,100,100000,5,1,1,100000,ours,adaptive,0,213740,1,/home/dhy/PhD/SIGMOD-EXP/EXP-4/run/temp/exp4/alpha100/alpha100_t100000/N100000/ours/adaptive/run.csv
20251228_165406,alpha100,100,100000,5,1,1,100000,aabb,sampling,0,60716,0,/home/dhy/PhD/SIGMOD-EXP/EXP-4/run/temp/exp4/alpha100/alpha100_t100000/N100000/aabb/sampling/run.csv
20251228_165406,alpha100,100,100000,5,1,1,100000,aabb,enum_sampling,0,65320,0,/home/dhy/PhD/SIGMOD-EXP/EXP-4/run/temp/exp4/alpha100/alpha100_t100000/N100000/aabb/enum_sampling/run.csv
20251228_165406,alpha100,100,100000,5,1,1,100000,aabb,adaptive,0,104052,1,/home/dhy/PhD/SIGMOD-EXP/EXP-4/run/temp/exp4/alpha100/alpha100_t100000/N100000/aabb/adaptive/run.csv
20251228_165406,alpha100,100,100000,5,1,1,100000,interval_tree,sampling,0,304816,0,/home/dhy/PhD/SIGMOD-EXP/EXP-4/run/temp/exp4/alpha100/alpha100_t100000/N100000/interval_tree/sampling/run.csv
20251228_165406,alpha100,100,100000,5,1,1,100000,interval_tree,enum_sampling,0,292968,0,/home/dhy/PhD/SIGMOD-EXP/EXP-4/run/temp/exp4/alpha100/alpha100_t100000/N100000/interval_tree/enum_sampling/run.csv
20251228_165406,alpha100,100,100000,5,1,1,100000,interval_tree,adaptive,0,571228,1,/home/dhy/PhD/SIGMOD-EXP/EXP-4/run/temp/exp4/alpha100/alpha100_t100000/N100000/interval_tree/adaptive/run.csv
20251228_165406,alpha100,100,100000,5,1,1,100000,kd_tree,sampling,0,54108,0,/home/dhy/PhD/SIGMOD-EXP/EXP-4/run/temp/exp4/alpha100/alpha100_t100000/N100000/kd_tree/sampling/run.csv
20251228_165406,alpha100,100,100000,5,1,1,100000,kd_tree,enum_sampling,0,58580,0,/home/dhy/PhD/SIGMOD-EXP/EXP-4/run/temp/exp4/alpha100/alpha100_t100000/N100000/kd_tree/enum_sampling/run.csv
20251228_165406,alpha100,100,100000,5,1,1,100000,kd_tree,adaptive,0,98916,1,/home/dhy/PhD/SIGMOD-EXP/EXP-4/run/temp/exp4/alpha100/alpha100_t100000/N100000/kd_tree/adaptive/run.csv
20251228_165406,alpha100,100,100000,5,1,1,100000,r_tree,sampling,0,50132,0,/home/dhy/PhD/SIGMOD-EXP/EXP-4/run/temp/exp4/alpha100/alpha100_t100000/N100000/r_tree/sampling/run.csv
20251228_165406,alpha100,100,100000,5,1,1,100000,r_tree,enum_sampling,0,68448,0,/home/dhy/PhD/SIGMOD-EXP/EXP-4/run/temp/exp4/alpha100/alpha100_t100000/N100000/r_tree/enum_sampling/run.csv
20251228_165406,alpha100,100,100000,5,1,1,100000,r_tree,adaptive,0,86084,1,/home/dhy/PhD/SIGMOD-EXP/EXP-4/run/temp/exp4/alpha100/alpha100_t100000/N100000/r_tree/adaptive/run.csv
20251228_165406,alpha100,100,100000,5,1,1,100000,range_tree,sampling,0,86484,0,/home/dhy/PhD/SIGMOD-EXP/EXP-4/run/temp/exp4/alpha100/alpha100_t100000/N100000/range_tree/sampling/run.csv
20251228_165406,alpha100,100,100000,5,1,1,100000,range_tree,enum_sampling,0,89664,0,/home/dhy/PhD/SIGMOD-EXP/EXP-4/run/temp/exp4/alpha100/alpha100_t100000/N100000/range_tree/enum_sampling/run.csv
20251228_165406,alpha100,100,100000,5,1,1,100000,range_tree,adaptive,0,164072,1,/home/dhy/PhD/SIGMOD-EXP/EXP-4/run/temp/exp4/alpha100/alpha100_t100000/N100000/range_tree/adaptive/run.csv
20251228_165406,alpha100,100,100000,5,1,1,100000,pbsm,sampling,0,15100,0,/home/dhy/PhD/SIGMOD-EXP/EXP-4/run/temp/exp4/alpha100/alpha100_t100000/N100000/pbsm/sampling/run.csv
20251228_165406,alpha100,100,100000,5,1,1,100000,pbsm,enum_sampling,0,15032,0,/home/dhy/PhD/SIGMOD-EXP/EXP-4/run/temp/exp4/alpha100/alpha100_t100000/N100000/pbsm/enum_sampling/run.csv
20251228_165406,alpha100,100,100000,5,1,1,100000,pbsm,adaptive,0,28580,1,/home/dhy/PhD/SIGMOD-EXP/EXP-4/run/temp/exp4/alpha100/alpha100_t100000/N100000/pbsm/adaptive/run.csv
20251228_165406,alpha100,100,100000,5,1,1,100000,tlsop,sampling,0,45216,0,/home/dhy/PhD/SIGMOD-EXP/EXP-4/run/temp/exp4/alpha100/alpha100_t100000/N100000/tlsop/sampling/run.csv
20251228_165406,alpha100,100,100000,5,1,1,100000,tlsop,enum_sampling,0,45300,0,/home/dhy/PhD/SIGMOD-EXP/EXP-4/run/temp/exp4/alpha100/alpha100_t100000/N100000/tlsop/enum_sampling/run.csv
20251228_165406,alpha100,100,100000,5,1,1,100000,tlsop,adaptive,0,58588,1,/home/dhy/PhD/SIGMOD-EXP/EXP-4/run/temp/exp4/alpha100/alpha100_t100000/N100000/tlsop/adaptive/run.csv
20251228_165406,alpha100,100,100000,5,1,1,100000,sirs,sampling,0,24096,0,/home/dhy/PhD/SIGMOD-EXP/EXP-4/run/temp/exp4/alpha100/alpha100_t100000/N100000/sirs/sampling/run.csv
20251228_165406,alpha100,100,100000,5,1,1,100000,sirs,enum_sampling,0,21916,0,/home/dhy/PhD/SIGMOD-EXP/EXP-4/run/temp/exp4/alpha100/alpha100_t100000/N100000/sirs/enum_sampling/run.csv
20251228_165406,alpha100,100,100000,5,1,1,100000,sirs,adaptive,0,47012,1,/home/dhy/PhD/SIGMOD-EXP/EXP-4/run/temp/exp4/alpha100/alpha100_t100000/N100000/sirs/adaptive/run.csv
20251228_165406,alpha100,100,100000,5,1,1,100000,rejection,sampling,0,99664,0,/home/dhy/PhD/SIGMOD-EXP/EXP-4/run/temp/exp4/alpha100/alpha100_t100000/N100000/rejection/sampling/run.csv
20251228_165406,alpha100,100,100000,5,1,1,100000,rejection,enum_sampling,0,99952,0,/home/dhy/PhD/SIGMOD-EXP/EXP-4/run/temp/exp4/alpha100/alpha100_t100000/N100000/rejection/enum_sampling/run.csv
20251228_165406,alpha100,100,100000,5,1,1,100000,rejection,adaptive,0,121256,1,/home/dhy/PhD/SIGMOD-EXP/EXP-4/run/temp/exp4/alpha100/alpha100_t100000/N100000/rejection/adaptive/run.csv
20251228_165406,alpha100,100,100000,5,1,1,100000,tsunami,sampling,0,37812,0,/home/dhy/PhD/SIGMOD-EXP/EXP-4/run/temp/exp4/alpha100/alpha100_t100000/N100000/tsunami/sampling/run.csv
20251228_165406,alpha100,100,100000,5,1,1,100000,tsunami,enum_sampling,0,37224,0,/home/dhy/PhD/SIGMOD-EXP/EXP-4/run/temp/exp4/alpha100/alpha100_t100000/N100000/tsunami/enum_sampling/run.csv
20251228_165406,alpha100,100,100000,5,1,1,100000,tsunami,adaptive,0,58204,1,/home/dhy/PhD/SIGMOD-EXP/EXP-4/run/temp/exp4/alpha100/alpha100_t100000/N100000/tsunami/adaptive/run.csv
20251228_165406,alpha100,100,100000,5,1,1,200000,ours,sampling,0,408128,0,/home/dhy/PhD/SIGMOD-EXP/EXP-4/run/temp/exp4/alpha100/alpha100_t100000/N200000/ours/sampling/run.csv
20251228_165406,alpha100,100,100000,5,1,1,200000,ours,enum_sampling,0,380916,0,/home/dhy/PhD/SIGMOD-EXP/EXP-4/run/temp/exp4/alpha100/alpha100_t100000/N200000/ours/enum_sampling/run.csv
20251228_165406,alpha100,100,100000,5,1,1,200000,ours,adaptive,0,416216,1,/home/dhy/PhD/SIGMOD-EXP/EXP-4/run/temp/exp4/alpha100/alpha100_t100000/N200000/ours/adaptive/run.csv
20251228_165406,alpha100,100,100000,5,1,1,200000,aabb,sampling,0,115688,0,/home/dhy/PhD/SIGMOD-EXP/EXP-4/run/temp/exp4/alpha100/alpha100_t100000/N200000/aabb/sampling/run.csv
20251228_165406,alpha100,100,100000,5,1,1,200000,aabb,enum_sampling,0,126148,0,/home/dhy/PhD/SIGMOD-EXP/EXP-4/run/temp/exp4/alpha100/alpha100_t100000/N200000/aabb/enum_sampling/run.csv
20251228_165406,alpha100,100,100000,5,1,1,200000,aabb,adaptive,0,195532,1,/home/dhy/PhD/SIGMOD-EXP/EXP-4/run/temp/exp4/alpha100/alpha100_t100000/N200000/aabb/adaptive/run.csv
20251228_165406,alpha100,100,100000,5,1,1,200000,interval_tree,sampling,0,621436,0,/home/dhy/PhD/SIGMOD-EXP/EXP-4/run/temp/exp4/alpha100/alpha100_t100000/N200000/interval_tree/sampling/run.csv
20251228_165406,alpha100,100,100000,5,1,1,200000,interval_tree,enum_sampling,0,596044,0,/home/dhy/PhD/SIGMOD-EXP/EXP-4/run/temp/exp4/alpha100/alpha100_t100000/N200000/interval_tree/enum_sampling/run.csv
20251228_165406,alpha100,100,100000,5,1,1,200000,interval_tree,adaptive,0,1140712,1,/home/dhy/PhD/SIGMOD-EXP/EXP-4/run/temp/exp4/alpha100/alpha100_t100000/N200000/interval_tree/adaptive/run.csv
20251228_165406,alpha100,100,100000,5,1,1,200000,kd_tree,sampling,0,102256,0,/home/dhy/PhD/SIGMOD-EXP/EXP-4/run/temp/exp4/alpha100/alpha100_t100000/N200000/kd_tree/sampling/run.csv
20251228_165406,alpha100,100,100000,5,1,1,200000,kd_tree,enum_sampling,0,112220,0,/home/dhy/PhD/SIGMOD-EXP/EXP-4/run/temp/exp4/alpha100/alpha100_t100000/N200000/kd_tree/enum_sampling/run.csv
20251228_165406,alpha100,100,100000,5,1,1,200000,kd_tree,adaptive,0,161736,1,/home/dhy/PhD/SIGMOD-EXP/EXP-4/run/temp/exp4/alpha100/alpha100_t100000/N200000/kd_tree/adaptive/run.csv
20251228_165406,alpha100,100,100000,5,1,1,200000,r_tree,sampling,0,94344,0,/home/dhy/PhD/SIGMOD-EXP/EXP-4/run/temp/exp4/alpha100/alpha100_t100000/N200000/r_tree/sampling/run.csv
20251228_165406,alpha100,100,100000,5,1,1,200000,r_tree,enum_sampling,0,129832,0,/home/dhy/PhD/SIGMOD-EXP/EXP-4/run/temp/exp4/alpha100/alpha100_t100000/N200000/r_tree/enum_sampling/run.csv
20251228_165406,alpha100,100,100000,5,1,1,200000,r_tree,adaptive,0,141208,1,/home/dhy/PhD/SIGMOD-EXP/EXP-4/run/temp/exp4/alpha100/alpha100_t100000/N200000/r_tree/adaptive/run.csv
20251228_165406,alpha100,100,100000,5,1,1,200000,range_tree,sampling,0,177700,0,/home/dhy/PhD/SIGMOD-EXP/EXP-4/run/temp/exp4/alpha100/alpha100_t100000/N200000/range_tree/sampling/run.csv
20251228_165406,alpha100,100,100000,5,1,1,200000,range_tree,enum_sampling,0,188908,0,/home/dhy/PhD/SIGMOD-EXP/EXP-4/run/temp/exp4/alpha100/alpha100_t100000/N200000/range_tree/enum_sampling/run.csv
20251228_165406,alpha100,100,100000,5,1,1,200000,range_tree,adaptive,0,305564,1,/home/dhy/PhD/SIGMOD-EXP/EXP-4/run/temp/exp4/alpha100/alpha100_t100000/N200000/range_tree/adaptive/run.csv
20251228_165406,alpha100,100,100000,5,1,1,200000,pbsm,sampling,0,22592,0,/home/dhy/PhD/SIGMOD-EXP/EXP-4/run/temp/exp4/alpha100/alpha100_t100000/N200000/pbsm/sampling/run.csv
20251228_165406,alpha100,100,100000,5,1,1,200000,pbsm,enum_sampling,0,22492,0,/home/dhy/PhD/SIGMOD-EXP/EXP-4/run/temp/exp4/alpha100/alpha100_t100000/N200000/pbsm/enum_sampling/run.csv
20251228_165406,alpha100,100,100000,5,1,1,200000,pbsm,adaptive,0,37200,1,/home/dhy/PhD/SIGMOD-EXP/EXP-4/run/temp/exp4/alpha100/alpha100_t100000/N200000/pbsm/adaptive/run.csv
20251228_165406,alpha100,100,100000,5,1,1,200000,tlsop,sampling,0,80588,0,/home/dhy/PhD/SIGMOD-EXP/EXP-4/run/temp/exp4/alpha100/alpha100_t100000/N200000/tlsop/sampling/run.csv
20251228_165406,alpha100,100,100000,5,1,1,200000,tlsop,enum_sampling,0,80612,0,/home/dhy/PhD/SIGMOD-EXP/EXP-4/run/temp/exp4/alpha100/alpha100_t100000/N200000/tlsop/enum_sampling/run.csv
20251228_165406,alpha100,100,100000,5,1,1,200000,tlsop,adaptive,0,93936,1,/home/dhy/PhD/SIGMOD-EXP/EXP-4/run/temp/exp4/alpha100/alpha100_t100000/N200000/tlsop/adaptive/run.csv
20251228_165406,alpha100,100,100000,5,1,1,200000,sirs,sampling,0,44184,0,/home/dhy/PhD/SIGMOD-EXP/EXP-4/run/temp/exp4/alpha100/alpha100_t100000/N200000/sirs/sampling/run.csv
20251228_165406,alpha100,100,100000,5,1,1,200000,sirs,enum_sampling,0,37844,0,/home/dhy/PhD/SIGMOD-EXP/EXP-4/run/temp/exp4/alpha100/alpha100_t100000/N200000/sirs/enum_sampling/run.csv
20251228_165406,alpha100,100,100000,5,1,1,200000,sirs,adaptive,0,64176,1,/home/dhy/PhD/SIGMOD-EXP/EXP-4/run/temp/exp4/alpha100/alpha100_t100000/N200000/sirs/adaptive/run.csv
20251228_165406,alpha100,100,100000,5,1,1,200000,rejection,sampling,0,186236,0,/home/dhy/PhD/SIGMOD-EXP/EXP-4/run/temp/exp4/alpha100/alpha100_t100000/N200000/rejection/sampling/run.csv
20251228_165406,alpha100,100,100000,5,1,1,200000,rejection,enum_sampling,0,186288,0,/home/dhy/PhD/SIGMOD-EXP/EXP-4/run/temp/exp4/alpha100/alpha100_t100000/N200000/rejection/enum_sampling/run.csv
20251228_165406,alpha100,100,100000,5,1,1,200000,rejection,adaptive,0,205916,1,/home/dhy/PhD/SIGMOD-EXP/EXP-4/run/temp/exp4/alpha100/alpha100_t100000/N200000/rejection/adaptive/run.csv
20251228_165406,alpha100,100,100000,5,1,1,200000,tsunami,sampling,0,70612,0,/home/dhy/PhD/SIGMOD-EXP/EXP-4/run/temp/exp4/alpha100/alpha100_t100000/N200000/tsunami/sampling/run.csv
20251228_165406,alpha100,100,100000,5,1,1,200000,tsunami,enum_sampling,0,69036,0,/home/dhy/PhD/SIGMOD-EXP/EXP-4/run/temp/exp4/alpha100/alpha100_t100000/N200000/tsunami/enum_sampling/run.csv
20251228_165406,alpha100,100,100000,5,1,1,200000,tsunami,adaptive,0,88708,1,/home/dhy/PhD/SIGMOD-EXP/EXP-4/run/temp/exp4/alpha100/alpha100_t100000/N200000/tsunami/adaptive/run.csv
20251228_165406,alpha100,100,100000,5,1,1,400000,ours,sampling,0,804488,0,/home/dhy/PhD/SIGMOD-EXP/EXP-4/run/temp/exp4/alpha100/alpha100_t100000/N400000/ours/sampling/run.csv
20251228_165406,alpha100,100,100000,5,1,1,400000,ours,enum_sampling,0,743536,1,/home/dhy/PhD/SIGMOD-EXP/EXP-4/run/temp/exp4/alpha100/alpha100_t100000/N400000/ours/enum_sampling/run.csv
20251228_165406,alpha100,100,100000,5,1,1,400000,ours,adaptive,0,821796,1,/home/dhy/PhD/SIGMOD-EXP/EXP-4/run/temp/exp4/alpha100/alpha100_t100000/N400000/ours/adaptive/run.csv
20251228_165406,alpha100,100,100000,5,1,1,400000,aabb,sampling,0,229724,0,/home/dhy/PhD/SIGMOD-EXP/EXP-4/run/temp/exp4/alpha100/alpha100_t100000/N400000/aabb/sampling/run.csv
20251228_165406,alpha100,100,100000,5,1,1,400000,aabb,enum_sampling,0,198068,1,/home/dhy/PhD/SIGMOD-EXP/EXP-4/run/temp/exp4/alpha100/alpha100_t100000/N400000/aabb/enum_sampling/run.csv
20251228_165406,alpha100,100,100000,5,1,1,400000,aabb,adaptive,0,282608,1,/home/dhy/PhD/SIGMOD-EXP/EXP-4/run/temp/exp4/alpha100/alpha100_t100000/N400000/aabb/adaptive/run.csv
20251228_165406,alpha100,100,100000,5,1,1,400000,interval_tree,sampling,0,1270340,0,/home/dhy/PhD/SIGMOD-EXP/EXP-4/run/temp/exp4/alpha100/alpha100_t100000/N400000/interval_tree/sampling/run.csv
20251228_165406,alpha100,100,100000,5,1,1,400000,interval_tree,enum_sampling,0,1202464,1,/home/dhy/PhD/SIGMOD-EXP/EXP-4/run/temp/exp4/alpha100/alpha100_t100000/N400000/interval_tree/enum_sampling/run.csv
20251228_165406,alpha100,100,100000,5,1,1,400000,interval_tree,adaptive,0,2297200,1,/home/dhy/PhD/SIGMOD-EXP/EXP-4/run/temp/exp4/alpha100/alpha100_t100000/N400000/interval_tree/adaptive/run.csv
20251228_165406,alpha100,100,100000,5,1,1,400000,kd_tree,sampling,0,198584,0,/home/dhy/PhD/SIGMOD-EXP/EXP-4/run/temp/exp4/alpha100/alpha100_t100000/N400000/kd_tree/sampling/run.csv
20251228_165406,alpha100,100,100000,5,1,1,400000,kd_tree,enum_sampling,0,188816,1,/home/dhy/PhD/SIGMOD-EXP/EXP-4/run/temp/exp4/alpha100/alpha100_t100000/N400000/kd_tree/enum_sampling/run.csv
20251228_165406,alpha100,100,100000,5,1,1,400000,kd_tree,adaptive,0,309312,1,/home/dhy/PhD/SIGMOD-EXP/EXP-4/run/temp/exp4/alpha100/alpha100_t100000/N400000/kd_tree/adaptive/run.csv
20251228_165406,alpha100,100,100000,5,1,1,400000,r_tree,sampling,0,183876,0,/home/dhy/PhD/SIGMOD-EXP/EXP-4/run/temp/exp4/alpha100/alpha100_t100000/N400000/r_tree/sampling/run.csv
20251228_165406,alpha100,100,100000,5,1,1,400000,r_tree,enum_sampling,0,218284,1,/home/dhy/PhD/SIGMOD-EXP/EXP-4/run/temp/exp4/alpha100/alpha100_t100000/N400000/r_tree/enum_sampling/run.csv
20251228_165406,alpha100,100,100000,5,1,1,400000,r_tree,adaptive,0,251364,1,/home/dhy/PhD/SIGMOD-EXP/EXP-4/run/temp/exp4/alpha100/alpha100_t100000/N400000/r_tree/adaptive/run.csv
20251228_165406,alpha100,100,100000,5,1,1,400000,range_tree,sampling,0,343128,0,/home/dhy/PhD/SIGMOD-EXP/EXP-4/run/temp/exp4/alpha100/alpha100_t100000/N400000/range_tree/sampling/run.csv
20251228_165406,alpha100,100,100000,5,1,1,400000,range_tree,enum_sampling,0,324536,1,/home/dhy/PhD/SIGMOD-EXP/EXP-4/run/temp/exp4/alpha100/alpha100_t100000/N400000/range_tree/enum_sampling/run.csv
20251228_165406,alpha100,100,100000,5,1,1,400000,range_tree,adaptive,0,583592,1,/home/dhy/PhD/SIGMOD-EXP/EXP-4/run/temp/exp4/alpha100/alpha100_t100000/N400000/range_tree/adaptive/run.csv
20251228_165406,alpha100,100,100000,5,1,1,400000,pbsm,sampling,0,39560,0,/home/dhy/PhD/SIGMOD-EXP/EXP-4/run/temp/exp4/alpha100/alpha100_t100000/N400000/pbsm/sampling/run.csv
20251228_165406,alpha100,100,100000,5,1,1,400000,pbsm,enum_sampling,0,39564,1,/home/dhy/PhD/SIGMOD-EXP/EXP-4/run/temp/exp4/alpha100/alpha100_t100000/N400000/pbsm/enum_sampling/run.csv
20251228_165406,alpha100,100,100000,5,1,1,400000,pbsm,adaptive,0,54148,1,/home/dhy/PhD/SIGMOD-EXP/EXP-4/run/temp/exp4/alpha100/alpha100_t100000/N400000/pbsm/adaptive/run.csv
20251228_165406,alpha100,100,100000,5,1,1,400000,tlsop,sampling,0,151220,0,/home/dhy/PhD/SIGMOD-EXP/EXP-4/run/temp/exp4/alpha100/alpha100_t100000/N400000/tlsop/sampling/run.csv
20251228_165406,alpha100,100,100000,5,1,1,400000,tlsop,enum_sampling,0,151196,1,/home/dhy/PhD/SIGMOD-EXP/EXP-4/run/temp/exp4/alpha100/alpha100_t100000/N400000/tlsop/enum_sampling/run.csv
20251228_165406,alpha100,100,100000,5,1,1,400000,tlsop,adaptive,0,164480,1,/home/dhy/PhD/SIGMOD-EXP/EXP-4/run/temp/exp4/alpha100/alpha100_t100000/N400000/tlsop/adaptive/run.csv
20251228_165406,alpha100,100,100000,5,1,1,400000,sirs,sampling,0,82052,0,/home/dhy/PhD/SIGMOD-EXP/EXP-4/run/temp/exp4/alpha100/alpha100_t100000/N400000/sirs/sampling/run.csv
20251228_165406,alpha100,100,100000,5,1,1,400000,sirs,enum_sampling,0,67824,1,/home/dhy/PhD/SIGMOD-EXP/EXP-4/run/temp/exp4/alpha100/alpha100_t100000/N400000/sirs/enum_sampling/run.csv
20251228_165406,alpha100,100,100000,5,1,1,400000,sirs,adaptive,0,99248,1,/home/dhy/PhD/SIGMOD-EXP/EXP-4/run/temp/exp4/alpha100/alpha100_t100000/N400000/sirs/adaptive/run.csv
20251228_165406,alpha100,100,100000,5,1,1,400000,rejection,sampling,0,359340,0,/home/dhy/PhD/SIGMOD-EXP/EXP-4/run/temp/exp4/alpha100/alpha100_t100000/N400000/rejection/sampling/run.csv
20251228_165406,alpha100,100,100000,5,1,1,400000,rejection,enum_sampling,0,359208,1,/home/dhy/PhD/SIGMOD-EXP/EXP-4/run/temp/exp4/alpha100/alpha100_t100000/N400000/rejection/enum_sampling/run.csv
20251228_165406,alpha100,100,100000,5,1,1,400000,rejection,adaptive,0,383452,1,/home/dhy/PhD/SIGMOD-EXP/EXP-4/run/temp/exp4/alpha100/alpha100_t100000/N400000/rejection/adaptive/run.csv
20251228_165406,alpha100,100,100000,5,1,1,400000,tsunami,sampling,0,134204,0,/home/dhy/PhD/SIGMOD-EXP/EXP-4/run/temp/exp4/alpha100/alpha100_t100000/N400000/tsunami/sampling/run.csv
20251228_165406,alpha100,100,100000,5,1,1,400000,tsunami,enum_sampling,0,131372,1,/home/dhy/PhD/SIGMOD-EXP/EXP-4/run/temp/exp4/alpha100/alpha100_t100000/N400000/tsunami/enum_sampling/run.csv
20251228_165406,alpha100,100,100000,5,1,1,400000,tsunami,adaptive,0,149156,1,/home/dhy/PhD/SIGMOD-EXP/EXP-4/run/temp/exp4/alpha100/alpha100_t100000/N400000/tsunami/adaptive/run.csv
20251228_165406,alpha100,100,100000,5,1,1,800000,ours,sampling,0,1640808,0,/home/dhy/PhD/SIGMOD-EXP/EXP-4/run/temp/exp4/alpha100/alpha100_t100000/N800000/ours/sampling/run.csv
20251228_165406,alpha100,100,100000,5,1,1,800000,ours,enum_sampling,0,1367816,1,/home/dhy/PhD/SIGMOD-EXP/EXP-4/run/temp/exp4/alpha100/alpha100_t100000/N800000/ours/enum_sampling/run.csv
20251228_165406,alpha100,100,100000,5,1,1,800000,ours,adaptive,0,1656968,1,/home/dhy/PhD/SIGMOD-EXP/EXP-4/run/temp/exp4/alpha100/alpha100_t100000/N800000/ours/adaptive/run.csv
20251228_165406,alpha100,100,100000,5,1,1,800000,aabb,sampling,0,453020,0,/home/dhy/PhD/SIGMOD-EXP/EXP-4/run/temp/exp4/alpha100/alpha100_t100000/N800000/aabb/sampling/run.csv
20251228_165406,alpha100,100,100000,5,1,1,800000,aabb,enum_sampling,0,343080,1,/home/dhy/PhD/SIGMOD-EXP/EXP-4/run/temp/exp4/alpha100/alpha100_t100000/N800000/aabb/enum_sampling/run.csv
20251228_165406,alpha100,100,100000,5,1,1,800000,aabb,adaptive,0,549708,1,/home/dhy/PhD/SIGMOD-EXP/EXP-4/run/temp/exp4/alpha100/alpha100_t100000/N800000/aabb/adaptive/run.csv
20251228_165406,alpha100,100,100000,5,1,1,800000,interval_tree,sampling,0,2593984,0,/home/dhy/PhD/SIGMOD-EXP/EXP-4/run/temp/exp4/alpha100/alpha100_t100000/N800000/interval_tree/sampling/run.csv
20251228_165406,alpha100,100,100000,5,1,1,800000,interval_tree,enum_sampling,0,2375560,1,/home/dhy/PhD/SIGMOD-EXP/EXP-4/run/temp/exp4/alpha100/alpha100_t100000/N800000/interval_tree/enum_sampling/run.csv
20251228_165406,alpha100,100,100000,5,1,1,800000,interval_tree,adaptive,0,4680412,1,/home/dhy/PhD/SIGMOD-EXP/EXP-4/run/temp/exp4/alpha100/alpha100_t100000/N800000/interval_tree/adaptive/run.csv
20251228_165406,alpha100,100,100000,5,1,1,800000,kd_tree,sampling,0,418356,0,/home/dhy/PhD/SIGMOD-EXP/EXP-4/run/temp/exp4/alpha100/alpha100_t100000/N800000/kd_tree/sampling/run.csv
20251228_165406,alpha100,100,100000,5,1,1,800000,kd_tree,enum_sampling,0,368392,1,/home/dhy/PhD/SIGMOD-EXP/EXP-4/run/temp/exp4/alpha100/alpha100_t100000/N800000/kd_tree/enum_sampling/run.csv
20251228_165406,alpha100,100,100000,5,1,1,800000,kd_tree,adaptive,0,606196,1,/home/dhy/PhD/SIGMOD-EXP/EXP-4/run/temp/exp4/alpha100/alpha100_t100000/N800000/kd_tree/adaptive/run.csv
20251228_165406,alpha100,100,100000,5,1,1,800000,r_tree,sampling,0,362012,0,/home/dhy/PhD/SIGMOD-EXP/EXP-4/run/temp/exp4/alpha100/alpha100_t100000/N800000/r_tree/sampling/run.csv
20251228_165406,alpha100,100,100000,5,1,1,800000,r_tree,enum_sampling,0,413084,1,/home/dhy/PhD/SIGMOD-EXP/EXP-4/run/temp/exp4/alpha100/alpha100_t100000/N800000/r_tree/enum_sampling/run.csv
20251228_165406,alpha100,100,100000,5,1,1,800000,r_tree,adaptive,0,482136,1,/home/dhy/PhD/SIGMOD-EXP/EXP-4/run/temp/exp4/alpha100/alpha100_t100000/N800000/r_tree/adaptive/run.csv
20251228_165406,alpha100,100,100000,5,1,1,800000,range_tree,sampling,0,648484,0,/home/dhy/PhD/SIGMOD-EXP/EXP-4/run/temp/exp4/alpha100/alpha100_t100000/N800000/range_tree/sampling/run.csv
20251228_165406,alpha100,100,100000,5,1,1,800000,range_tree,enum_sampling,0,643460,1,/home/dhy/PhD/SIGMOD-EXP/EXP-4/run/temp/exp4/alpha100/alpha100_t100000/N800000/range_tree/enum_sampling/run.csv
20251228_165406,alpha100,100,100000,5,1,1,800000,range_tree,adaptive,0,1181296,1,/home/dhy/PhD/SIGMOD-EXP/EXP-4/run/temp/exp4/alpha100/alpha100_t100000/N800000/range_tree/adaptive/run.csv
20251228_165406,alpha100,100,100000,5,1,1,800000,pbsm,sampling,0,71176,0,/home/dhy/PhD/SIGMOD-EXP/EXP-4/run/temp/exp4/alpha100/alpha100_t100000/N800000/pbsm/sampling/run.csv
20251228_165406,alpha100,100,100000,5,1,1,800000,pbsm,enum_sampling,0,71232,1,/home/dhy/PhD/SIGMOD-EXP/EXP-4/run/temp/exp4/alpha100/alpha100_t100000/N800000/pbsm/enum_sampling/run.csv
20251228_165406,alpha100,100,100000,5,1,1,800000,pbsm,adaptive,0,87232,1,/home/dhy/PhD/SIGMOD-EXP/EXP-4/run/temp/exp4/alpha100/alpha100_t100000/N800000/pbsm/adaptive/run.csv
20251228_165406,alpha100,100,100000,5,1,1,800000,tlsop,sampling,0,292468,0,/home/dhy/PhD/SIGMOD-EXP/EXP-4/run/temp/exp4/alpha100/alpha100_t100000/N800000/tlsop/sampling/run.csv
20251228_165406,alpha100,100,100000,5,1,1,800000,tlsop,enum_sampling,0,292560,1,/home/dhy/PhD/SIGMOD-EXP/EXP-4/run/temp/exp4/alpha100/alpha100_t100000/N800000/tlsop/enum_sampling/run.csv
20251228_165406,alpha100,100,100000,5,1,1,800000,tlsop,adaptive,0,305856,1,/home/dhy/PhD/SIGMOD-EXP/EXP-4/run/temp/exp4/alpha100/alpha100_t100000/N800000/tlsop/adaptive/run.csv
20251228_165406,alpha100,100,100000,5,1,1,800000,sirs,sampling,0,160228,0,/home/dhy/PhD/SIGMOD-EXP/EXP-4/run/temp/exp4/alpha100/alpha100_t100000/N800000/sirs/sampling/run.csv
20251228_165406,alpha100,100,100000,5,1,1,800000,sirs,enum_sampling,0,128848,1,/home/dhy/PhD/SIGMOD-EXP/EXP-4/run/temp/exp4/alpha100/alpha100_t100000/N800000/sirs/enum_sampling/run.csv
20251228_165406,alpha100,100,100000,5,1,1,800000,sirs,adaptive,0,180580,1,/home/dhy/PhD/SIGMOD-EXP/EXP-4/run/temp/exp4/alpha100/alpha100_t100000/N800000/sirs/adaptive/run.csv
20251228_165406,alpha100,100,100000,5,1,1,800000,rejection,sampling,0,705440,0,/home/dhy/PhD/SIGMOD-EXP/EXP-4/run/temp/exp4/alpha100/alpha100_t100000/N800000/rejection/sampling/run.csv
20251228_165406,alpha100,100,100000,5,1,1,800000,rejection,enum_sampling,0,705476,1,/home/dhy/PhD/SIGMOD-EXP/EXP-4/run/temp/exp4/alpha100/alpha100_t100000/N800000/rejection/enum_sampling/run.csv
20251228_165406,alpha100,100,100000,5,1,1,800000,rejection,adaptive,0,718992,1,/home/dhy/PhD/SIGMOD-EXP/EXP-4/run/temp/exp4/alpha100/alpha100_t100000/N800000/rejection/adaptive/run.csv
20251228_165406,alpha100,100,100000,5,1,1,800000,tsunami,sampling,0,261612,0,/home/dhy/PhD/SIGMOD-EXP/EXP-4/run/temp/exp4/alpha100/alpha100_t100000/N800000/tsunami/sampling/run.csv
20251228_165406,alpha100,100,100000,5,1,1,800000,tsunami,enum_sampling,0,255848,1,/home/dhy/PhD/SIGMOD-EXP/EXP-4/run/temp/exp4/alpha100/alpha100_t100000/N800000/tsunami/enum_sampling/run.csv
20251228_165406,alpha100,100,100000,5,1,1,800000,tsunami,adaptive,0,264212,1,/home/dhy/PhD/SIGMOD-EXP/EXP-4/run/temp/exp4/alpha100/alpha100_t100000/N800000/tsunami/adaptive/run.csv
