dataset,generator,n_r,n_s,method,alpha,runs,enumerate_all,fallback_sampling,fallback_sampling_no_pilot,other,enumerate_frac,fallback_frac,fallback_no_pilot_frac,other_frac,fallback_total_frac
stripe_alpha__nr100000__ns100000__a0_000ep00__g1,stripe_ctrl_alpha,100000,100000,aabb,0,3,3,0,0,0,1.0,0.0,0.0,0.0,0.0
stripe_alpha__nr100000__ns100000__a3_000em02__g1,stripe_ctrl_alpha,100000,100000,aabb,0.03,3,3,0,0,0,1.0,0.0,0.0,0.0,0.0
stripe_alpha__nr100000__ns100000__a1_000em01__g1,stripe_ctrl_alpha,100000,100000,aabb,0.1,3,3,0,0,0,1.0,0.0,0.0,0.0,0.0
stripe_alpha__nr100000__ns100000__a3_000em01__g1,stripe_ctrl_alpha,100000,100000,aabb,0.3,3,3,0,0,0,1.0,0.0,0.0,0.0,0.0
stripe_alpha__nr100000__ns100000__a1_000ep00__g1,stripe_ctrl_alpha,100000,100000,aabb,1,3,3,0,0,0,1.0,0.0,0.0,0.0,0.0
stripe_alpha__nr100000__ns100000__a3_000ep00__g1,stripe_ctrl_alpha,100000,100000,aabb,3,3,3,0,0,0,1.0,0.0,0.0,0.0,0.0
stripe_alpha__nr100000__ns100000__a4_000ep00__g1,stripe_ctrl_alpha,100000,100000,aabb,4,3,3,0,0,0,1.0,0.0,0.0,0.0,0.0
stripe_alpha__nr100000__ns100000__a5_000ep00__g1,stripe_ctrl_alpha,100000,100000,aabb,5,3,3,0,0,0,1.0,0.0,0.0,0.0,0.0
stripe_alpha__nr100000__ns100000__a6_000ep00__g1,stripe_ctrl_alpha,100000,100000,aabb,6,3,0,3,0,0,0.0,1.0,0.0,0.0,1.0
stripe_alpha__nr100000__ns100000__a1_000ep01__g1,stripe_ctrl_alpha,100000,100000,aabb,10,3,0,3,0,0,0.0,1.0,0.0,0.0,1.0
stripe_alpha__nr100000__ns100000__a3_000ep01__g1,stripe_ctrl_alpha,100000,100000,aabb,30,3,0,3,0,0,0.0,1.0,0.0,0.0,1.0
stripe_alpha__nr100000__ns100000__a1_000ep02__g1,stripe_ctrl_alpha,100000,100000,aabb,100,3,0,3,0,0,0.0,1.0,0.0,0.0,1.0
stripe_alpha__nr100000__ns100000__a3_000ep02__g1,stripe_ctrl_alpha,100000,100000,aabb,300,3,0,3,0,0,0.0,1.0,0.0,0.0,1.0
stripe_alpha__nr100000__ns100000__a0_000ep00__g1,stripe_ctrl_alpha,100000,100000,interval_tree,0,3,3,0,0,0,1.0,0.0,0.0,0.0,0.0
stripe_alpha__nr100000__ns100000__a3_000em02__g1,stripe_ctrl_alpha,100000,100000,interval_tree,0.03,3,3,0,0,0,1.0,0.0,0.0,0.0,0.0
stripe_alpha__nr100000__ns100000__a1_000em01__g1,stripe_ctrl_alpha,100000,100000,interval_tree,0.1,3,3,0,0,0,1.0,0.0,0.0,0.0,0.0
stripe_alpha__nr100000__ns100000__a3_000em01__g1,stripe_ctrl_alpha,100000,100000,interval_tree,0.3,3,3,0,0,0,1.0,0.0,0.0,0.0,0.0
stripe_alpha__nr100000__ns100000__a1_000ep00__g1,stripe_ctrl_alpha,100000,100000,interval_tree,1,3,3,0,0,0,1.0,0.0,0.0,0.0,0.0
stripe_alpha__nr100000__ns100000__a3_000ep00__g1,stripe_ctrl_alpha,100000,100000,interval_tree,3,3,3,0,0,0,1.0,0.0,0.0,0.0,0.0
stripe_alpha__nr100000__ns100000__a4_000ep00__g1,stripe_ctrl_alpha,100000,100000,interval_tree,4,3,3,0,0,0,1.0,0.0,0.0,0.0,0.0
stripe_alpha__nr100000__ns100000__a5_000ep00__g1,stripe_ctrl_alpha,100000,100000,interval_tree,5,3,3,0,0,0,1.0,0.0,0.0,0.0,0.0
stripe_alpha__nr100000__ns100000__a6_000ep00__g1,stripe_ctrl_alpha,100000,100000,interval_tree,6,3,0,3,0,0,0.0,1.0,0.0,0.0,1.0
stripe_alpha__nr100000__ns100000__a1_000ep01__g1,stripe_ctrl_alpha,100000,100000,interval_tree,10,3,0,3,0,0,0.0,1.0,0.0,0.0,1.0
stripe_alpha__nr100000__ns100000__a3_000ep01__g1,stripe_ctrl_alpha,100000,100000,interval_tree,30,3,0,3,0,0,0.0,1.0,0.0,0.0,1.0
stripe_alpha__nr100000__ns100000__a1_000ep02__g1,stripe_ctrl_alpha,100000,100000,interval_tree,100,3,0,3,0,0,0.0,1.0,0.0,0.0,1.0
stripe_alpha__nr100000__ns100000__a3_000ep02__g1,stripe_ctrl_alpha,100000,100000,interval_tree,300,3,0,3,0,0,0.0,1.0,0.0,0.0,1.0
stripe_alpha__nr100000__ns100000__a0_000ep00__g1,stripe_ctrl_alpha,100000,100000,kd_tree,0,3,3,0,0,0,1.0,0.0,0.0,0.0,0.0
stripe_alpha__nr100000__ns100000__a3_000em02__g1,stripe_ctrl_alpha,100000,100000,kd_tree,0.03,3,3,0,0,0,1.0,0.0,0.0,0.0,0.0
stripe_alpha__nr100000__ns100000__a1_000em01__g1,stripe_ctrl_alpha,100000,100000,kd_tree,0.1,3,3,0,0,0,1.0,0.0,0.0,0.0,0.0
stripe_alpha__nr100000__ns100000__a3_000em01__g1,stripe_ctrl_alpha,100000,100000,kd_tree,0.3,3,3,0,0,0,1.0,0.0,0.0,0.0,0.0
stripe_alpha__nr100000__ns100000__a1_000ep00__g1,stripe_ctrl_alpha,100000,100000,kd_tree,1,3,3,0,0,0,1.0,0.0,0.0,0.0,0.0
stripe_alpha__nr100000__ns100000__a3_000ep00__g1,stripe_ctrl_alpha,100000,100000,kd_tree,3,3,3,0,0,0,1.0,0.0,0.0,0.0,0.0
stripe_alpha__nr100000__ns100000__a4_000ep00__g1,stripe_ctrl_alpha,100000,100000,kd_tree,4,3,3,0,0,0,1.0,0.0,0.0,0.0,0.0
stripe_alpha__nr100000__ns100000__a5_000ep00__g1,stripe_ctrl_alpha,100000,100000,kd_tree,5,3,3,0,0,0,1.0,0.0,0.0,0.0,0.0
stripe_alpha__nr100000__ns100000__a6_000ep00__g1,stripe_ctrl_alpha,100000,100000,kd_tree,6,3,0,3,0,0,0.0,1.0,0.0,0.0,1.0
stripe_alpha__nr100000__ns100000__a1_000ep01__g1,stripe_ctrl_alpha,100000,100000,kd_tree,10,3,0,3,0,0,0.0,1.0,0.0,0.0,1.0
stripe_alpha__nr100000__ns100000__a3_000ep01__g1,stripe_ctrl_alpha,100000,100000,kd_tree,30,3,0,3,0,0,0.0,1.0,0.0,0.0,1.0
stripe_alpha__nr100000__ns100000__a1_000ep02__g1,stripe_ctrl_alpha,100000,100000,kd_tree,100,3,0,3,0,0,0.0,1.0,0.0,0.0,1.0
stripe_alpha__nr100000__ns100000__a3_000ep02__g1,stripe_ctrl_alpha,100000,100000,kd_tree,300,3,0,3,0,0,0.0,1.0,0.0,0.0,1.0
stripe_alpha__nr100000__ns100000__a0_000ep00__g1,stripe_ctrl_alpha,100000,100000,ours,0,3,3,0,0,0,1.0,0.0,0.0,0.0,0.0
stripe_alpha__nr100000__ns100000__a3_000em02__g1,stripe_ctrl_alpha,100000,100000,ours,0.03,3,3,0,0,0,1.0,0.0,0.0,0.0,0.0
stripe_alpha__nr100000__ns100000__a1_000em01__g1,stripe_ctrl_alpha,100000,100000,ours,0.1,3,3,0,0,0,1.0,0.0,0.0,0.0,0.0
stripe_alpha__nr100000__ns100000__a3_000em01__g1,stripe_ctrl_alpha,100000,100000,ours,0.3,3,3,0,0,0,1.0,0.0,0.0,0.0,0.0
stripe_alpha__nr100000__ns100000__a1_000ep00__g1,stripe_ctrl_alpha,100000,100000,ours,1,3,3,0,0,0,1.0,0.0,0.0,0.0,0.0
stripe_alpha__nr100000__ns100000__a3_000ep00__g1,stripe_ctrl_alpha,100000,100000,ours,3,3,3,0,0,0,1.0,0.0,0.0,0.0,0.0
stripe_alpha__nr100000__ns100000__a4_000ep00__g1,stripe_ctrl_alpha,100000,100000,ours,4,3,3,0,0,0,1.0,0.0,0.0,0.0,0.0
stripe_alpha__nr100000__ns100000__a5_000ep00__g1,stripe_ctrl_alpha,100000,100000,ours,5,3,3,0,0,0,1.0,0.0,0.0,0.0,0.0
stripe_alpha__nr100000__ns100000__a6_000ep00__g1,stripe_ctrl_alpha,100000,100000,ours,6,3,0,3,0,0,0.0,1.0,0.0,0.0,1.0
stripe_alpha__nr100000__ns100000__a1_000ep01__g1,stripe_ctrl_alpha,100000,100000,ours,10,3,0,3,0,0,0.0,1.0,0.0,0.0,1.0
stripe_alpha__nr100000__ns100000__a3_000ep01__g1,stripe_ctrl_alpha,100000,100000,ours,30,3,0,3,0,0,0.0,1.0,0.0,0.0,1.0
stripe_alpha__nr100000__ns100000__a1_000ep02__g1,stripe_ctrl_alpha,100000,100000,ours,100,3,0,3,0,0,0.0,1.0,0.0,0.0,1.0
stripe_alpha__nr100000__ns100000__a3_000ep02__g1,stripe_ctrl_alpha,100000,100000,ours,300,3,0,3,0,0,0.0,1.0,0.0,0.0,1.0
stripe_alpha__nr100000__ns100000__a0_000ep00__g1,stripe_ctrl_alpha,100000,100000,pbsm,0,3,3,0,0,0,1.0,0.0,0.0,0.0,0.0
stripe_alpha__nr100000__ns100000__a3_000em02__g1,stripe_ctrl_alpha,100000,100000,pbsm,0.03,3,3,0,0,0,1.0,0.0,0.0,0.0,0.0
stripe_alpha__nr100000__ns100000__a1_000em01__g1,stripe_ctrl_alpha,100000,100000,pbsm,0.1,3,3,0,0,0,1.0,0.0,0.0,0.0,0.0
stripe_alpha__nr100000__ns100000__a3_000em01__g1,stripe_ctrl_alpha,100000,100000,pbsm,0.3,3,3,0,0,0,1.0,0.0,0.0,0.0,0.0
stripe_alpha__nr100000__ns100000__a1_000ep00__g1,stripe_ctrl_alpha,100000,100000,pbsm,1,3,3,0,0,0,1.0,0.0,0.0,0.0,0.0
stripe_alpha__nr100000__ns100000__a3_000ep00__g1,stripe_ctrl_alpha,100000,100000,pbsm,3,3,3,0,0,0,1.0,0.0,0.0,0.0,0.0
stripe_alpha__nr100000__ns100000__a4_000ep00__g1,stripe_ctrl_alpha,100000,100000,pbsm,4,3,3,0,0,0,1.0,0.0,0.0,0.0,0.0
stripe_alpha__nr100000__ns100000__a5_000ep00__g1,stripe_ctrl_alpha,100000,100000,pbsm,5,3,3,0,0,0,1.0,0.0,0.0,0.0,0.0
stripe_alpha__nr100000__ns100000__a6_000ep00__g1,stripe_ctrl_alpha,100000,100000,pbsm,6,3,0,3,0,0,0.0,1.0,0.0,0.0,1.0
stripe_alpha__nr100000__ns100000__a1_000ep01__g1,stripe_ctrl_alpha,100000,100000,pbsm,10,3,0,3,0,0,0.0,1.0,0.0,0.0,1.0
stripe_alpha__nr100000__ns100000__a3_000ep01__g1,stripe_ctrl_alpha,100000,100000,pbsm,30,3,0,3,0,0,0.0,1.0,0.0,0.0,1.0
stripe_alpha__nr100000__ns100000__a1_000ep02__g1,stripe_ctrl_alpha,100000,100000,pbsm,100,3,0,3,0,0,0.0,1.0,0.0,0.0,1.0
stripe_alpha__nr100000__ns100000__a3_000ep02__g1,stripe_ctrl_alpha,100000,100000,pbsm,300,3,0,3,0,0,0.0,1.0,0.0,0.0,1.0
stripe_alpha__nr100000__ns100000__a0_000ep00__g1,stripe_ctrl_alpha,100000,100000,r_tree,0,3,3,0,0,0,1.0,0.0,0.0,0.0,0.0
stripe_alpha__nr100000__ns100000__a3_000em02__g1,stripe_ctrl_alpha,100000,100000,r_tree,0.03,3,3,0,0,0,1.0,0.0,0.0,0.0,0.0
stripe_alpha__nr100000__ns100000__a1_000em01__g1,stripe_ctrl_alpha,100000,100000,r_tree,0.1,3,3,0,0,0,1.0,0.0,0.0,0.0,0.0
stripe_alpha__nr100000__ns100000__a3_000em01__g1,stripe_ctrl_alpha,100000,100000,r_tree,0.3,3,3,0,0,0,1.0,0.0,0.0,0.0,0.0
stripe_alpha__nr100000__ns100000__a1_000ep00__g1,stripe_ctrl_alpha,100000,100000,r_tree,1,3,3,0,0,0,1.0,0.0,0.0,0.0,0.0
stripe_alpha__nr100000__ns100000__a3_000ep00__g1,stripe_ctrl_alpha,100000,100000,r_tree,3,3,3,0,0,0,1.0,0.0,0.0,0.0,0.0
stripe_alpha__nr100000__ns100000__a4_000ep00__g1,stripe_ctrl_alpha,100000,100000,r_tree,4,3,3,0,0,0,1.0,0.0,0.0,0.0,0.0
stripe_alpha__nr100000__ns100000__a5_000ep00__g1,stripe_ctrl_alpha,100000,100000,r_tree,5,3,3,0,0,0,1.0,0.0,0.0,0.0,0.0
stripe_alpha__nr100000__ns100000__a6_000ep00__g1,stripe_ctrl_alpha,100000,100000,r_tree,6,3,0,3,0,0,0.0,1.0,0.0,0.0,1.0
stripe_alpha__nr100000__ns100000__a1_000ep01__g1,stripe_ctrl_alpha,100000,100000,r_tree,10,3,0,3,0,0,0.0,1.0,0.0,0.0,1.0
stripe_alpha__nr100000__ns100000__a3_000ep01__g1,stripe_ctrl_alpha,100000,100000,r_tree,30,3,0,3,0,0,0.0,1.0,0.0,0.0,1.0
stripe_alpha__nr100000__ns100000__a1_000ep02__g1,stripe_ctrl_alpha,100000,100000,r_tree,100,3,0,3,0,0,0.0,1.0,0.0,0.0,1.0
stripe_alpha__nr100000__ns100000__a3_000ep02__g1,stripe_ctrl_alpha,100000,100000,r_tree,300,3,0,3,0,0,0.0,1.0,0.0,0.0,1.0
stripe_alpha__nr100000__ns100000__a0_000ep00__g1,stripe_ctrl_alpha,100000,100000,range_tree,0,3,3,0,0,0,1.0,0.0,0.0,0.0,0.0
stripe_alpha__nr100000__ns100000__a3_000em02__g1,stripe_ctrl_alpha,100000,100000,range_tree,0.03,3,3,0,0,0,1.0,0.0,0.0,0.0,0.0
stripe_alpha__nr100000__ns100000__a1_000em01__g1,stripe_ctrl_alpha,100000,100000,range_tree,0.1,3,3,0,0,0,1.0,0.0,0.0,0.0,0.0
stripe_alpha__nr100000__ns100000__a3_000em01__g1,stripe_ctrl_alpha,100000,100000,range_tree,0.3,3,3,0,0,0,1.0,0.0,0.0,0.0,0.0
stripe_alpha__nr100000__ns100000__a1_000ep00__g1,stripe_ctrl_alpha,100000,100000,range_tree,1,3,3,0,0,0,1.0,0.0,0.0,0.0,0.0
stripe_alpha__nr100000__ns100000__a3_000ep00__g1,stripe_ctrl_alpha,100000,100000,range_tree,3,3,3,0,0,0,1.0,0.0,0.0,0.0,0.0
stripe_alpha__nr100000__ns100000__a4_000ep00__g1,stripe_ctrl_alpha,100000,100000,range_tree,4,3,3,0,0,0,1.0,0.0,0.0,0.0,0.0
stripe_alpha__nr100000__ns100000__a5_000ep00__g1,stripe_ctrl_alpha,100000,100000,range_tree,5,3,3,0,0,0,1.0,0.0,0.0,0.0,0.0
stripe_alpha__nr100000__ns100000__a6_000ep00__g1,stripe_ctrl_alpha,100000,100000,range_tree,6,3,0,3,0,0,0.0,1.0,0.0,0.0,1.0
stripe_alpha__nr100000__ns100000__a1_000ep01__g1,stripe_ctrl_alpha,100000,100000,range_tree,10,3,0,3,0,0,0.0,1.0,0.0,0.0,1.0
stripe_alpha__nr100000__ns100000__a3_000ep01__g1,stripe_ctrl_alpha,100000,100000,range_tree,30,3,0,3,0,0,0.0,1.0,0.0,0.0,1.0
stripe_alpha__nr100000__ns100000__a1_000ep02__g1,stripe_ctrl_alpha,100000,100000,range_tree,100,3,0,3,0,0,0.0,1.0,0.0,0.0,1.0
stripe_alpha__nr100000__ns100000__a3_000ep02__g1,stripe_ctrl_alpha,100000,100000,range_tree,300,3,0,3,0,0,0.0,1.0,0.0,0.0,1.0
stripe_alpha__nr100000__ns100000__a0_000ep00__g1,stripe_ctrl_alpha,100000,100000,rejection,0,3,3,0,0,0,1.0,0.0,0.0,0.0,0.0
stripe_alpha__nr100000__ns100000__a3_000em02__g1,stripe_ctrl_alpha,100000,100000,rejection,0.03,3,3,0,0,0,1.0,0.0,0.0,0.0,0.0
stripe_alpha__nr100000__ns100000__a1_000em01__g1,stripe_ctrl_alpha,100000,100000,rejection,0.1,3,3,0,0,0,1.0,0.0,0.0,0.0,0.0
stripe_alpha__nr100000__ns100000__a3_000em01__g1,stripe_ctrl_alpha,100000,100000,rejection,0.3,3,3,0,0,0,1.0,0.0,0.0,0.0,0.0
stripe_alpha__nr100000__ns100000__a1_000ep00__g1,stripe_ctrl_alpha,100000,100000,rejection,1,3,3,0,0,0,1.0,0.0,0.0,0.0,0.0
stripe_alpha__nr100000__ns100000__a3_000ep00__g1,stripe_ctrl_alpha,100000,100000,rejection,3,3,3,0,0,0,1.0,0.0,0.0,0.0,0.0
stripe_alpha__nr100000__ns100000__a4_000ep00__g1,stripe_ctrl_alpha,100000,100000,rejection,4,3,3,0,0,0,1.0,0.0,0.0,0.0,0.0
stripe_alpha__nr100000__ns100000__a5_000ep00__g1,stripe_ctrl_alpha,100000,100000,rejection,5,3,3,0,0,0,1.0,0.0,0.0,0.0,0.0
stripe_alpha__nr100000__ns100000__a6_000ep00__g1,stripe_ctrl_alpha,100000,100000,rejection,6,3,0,3,0,0,0.0,1.0,0.0,0.0,1.0
stripe_alpha__nr100000__ns100000__a1_000ep01__g1,stripe_ctrl_alpha,100000,100000,rejection,10,3,0,3,0,0,0.0,1.0,0.0,0.0,1.0
stripe_alpha__nr100000__ns100000__a3_000ep01__g1,stripe_ctrl_alpha,100000,100000,rejection,30,3,0,3,0,0,0.0,1.0,0.0,0.0,1.0
stripe_alpha__nr100000__ns100000__a1_000ep02__g1,stripe_ctrl_alpha,100000,100000,rejection,100,3,0,3,0,0,0.0,1.0,0.0,0.0,1.0
stripe_alpha__nr100000__ns100000__a3_000ep02__g1,stripe_ctrl_alpha,100000,100000,rejection,300,3,0,3,0,0,0.0,1.0,0.0,0.0,1.0
stripe_alpha__nr100000__ns100000__a0_000ep00__g1,stripe_ctrl_alpha,100000,100000,sirs,0,3,3,0,0,0,1.0,0.0,0.0,0.0,0.0
stripe_alpha__nr100000__ns100000__a3_000em02__g1,stripe_ctrl_alpha,100000,100000,sirs,0.03,3,3,0,0,0,1.0,0.0,0.0,0.0,0.0
stripe_alpha__nr100000__ns100000__a1_000em01__g1,stripe_ctrl_alpha,100000,100000,sirs,0.1,3,3,0,0,0,1.0,0.0,0.0,0.0,0.0
stripe_alpha__nr100000__ns100000__a3_000em01__g1,stripe_ctrl_alpha,100000,100000,sirs,0.3,3,3,0,0,0,1.0,0.0,0.0,0.0,0.0
stripe_alpha__nr100000__ns100000__a1_000ep00__g1,stripe_ctrl_alpha,100000,100000,sirs,1,3,3,0,0,0,1.0,0.0,0.0,0.0,0.0
stripe_alpha__nr100000__ns100000__a3_000ep00__g1,stripe_ctrl_alpha,100000,100000,sirs,3,3,3,0,0,0,1.0,0.0,0.0,0.0,0.0
stripe_alpha__nr100000__ns100000__a4_000ep00__g1,stripe_ctrl_alpha,100000,100000,sirs,4,3,3,0,0,0,1.0,0.0,0.0,0.0,0.0
stripe_alpha__nr100000__ns100000__a5_000ep00__g1,stripe_ctrl_alpha,100000,100000,sirs,5,3,3,0,0,0,1.0,0.0,0.0,0.0,0.0
stripe_alpha__nr100000__ns100000__a6_000ep00__g1,stripe_ctrl_alpha,100000,100000,sirs,6,3,0,3,0,0,0.0,1.0,0.0,0.0,1.0
stripe_alpha__nr100000__ns100000__a1_000ep01__g1,stripe_ctrl_alpha,100000,100000,sirs,10,3,0,3,0,0,0.0,1.0,0.0,0.0,1.0
stripe_alpha__nr100000__ns100000__a3_000ep01__g1,stripe_ctrl_alpha,100000,100000,sirs,30,3,0,3,0,0,0.0,1.0,0.0,0.0,1.0
stripe_alpha__nr100000__ns100000__a1_000ep02__g1,stripe_ctrl_alpha,100000,100000,sirs,100,3,0,3,0,0,0.0,1.0,0.0,0.0,1.0
stripe_alpha__nr100000__ns100000__a3_000ep02__g1,stripe_ctrl_alpha,100000,100000,sirs,300,3,0,3,0,0,0.0,1.0,0.0,0.0,1.0
stripe_alpha__nr100000__ns100000__a0_000ep00__g1,stripe_ctrl_alpha,100000,100000,tlsop,0,3,3,0,0,0,1.0,0.0,0.0,0.0,0.0
stripe_alpha__nr100000__ns100000__a3_000em02__g1,stripe_ctrl_alpha,100000,100000,tlsop,0.03,3,3,0,0,0,1.0,0.0,0.0,0.0,0.0
stripe_alpha__nr100000__ns100000__a1_000em01__g1,stripe_ctrl_alpha,100000,100000,tlsop,0.1,3,3,0,0,0,1.0,0.0,0.0,0.0,0.0
stripe_alpha__nr100000__ns100000__a3_000em01__g1,stripe_ctrl_alpha,100000,100000,tlsop,0.3,3,3,0,0,0,1.0,0.0,0.0,0.0,0.0
stripe_alpha__nr100000__ns100000__a1_000ep00__g1,stripe_ctrl_alpha,100000,100000,tlsop,1,3,3,0,0,0,1.0,0.0,0.0,0.0,0.0
stripe_alpha__nr100000__ns100000__a3_000ep00__g1,stripe_ctrl_alpha,100000,100000,tlsop,3,3,3,0,0,0,1.0,0.0,0.0,0.0,0.0
stripe_alpha__nr100000__ns100000__a4_000ep00__g1,stripe_ctrl_alpha,100000,100000,tlsop,4,3,3,0,0,0,1.0,0.0,0.0,0.0,0.0
stripe_alpha__nr100000__ns100000__a5_000ep00__g1,stripe_ctrl_alpha,100000,100000,tlsop,5,3,3,0,0,0,1.0,0.0,0.0,0.0,0.0
stripe_alpha__nr100000__ns100000__a6_000ep00__g1,stripe_ctrl_alpha,100000,100000,tlsop,6,3,0,3,0,0,0.0,1.0,0.0,0.0,1.0
stripe_alpha__nr100000__ns100000__a1_000ep01__g1,stripe_ctrl_alpha,100000,100000,tlsop,10,3,0,3,0,0,0.0,1.0,0.0,0.0,1.0
stripe_alpha__nr100000__ns100000__a3_000ep01__g1,stripe_ctrl_alpha,100000,100000,tlsop,30,3,0,3,0,0,0.0,1.0,0.0,0.0,1.0
stripe_alpha__nr100000__ns100000__a1_000ep02__g1,stripe_ctrl_alpha,100000,100000,tlsop,100,3,0,3,0,0,0.0,1.0,0.0,0.0,1.0
stripe_alpha__nr100000__ns100000__a3_000ep02__g1,stripe_ctrl_alpha,100000,100000,tlsop,300,3,0,3,0,0,0.0,1.0,0.0,0.0,1.0
